Fiscal Year,County,Region,Program,Families Served
2021,Andrews,9-Midland,THV MIECHV,2
2021,Aransas,11-Edinburg,THV MIECHV,1
2021,Archer,2-Abilene,HOPES,4
2021,Archer,2-Abilene,THV MIECHV,9
2021,Armstrong,1-Lubbock,THV MIECHV,1
2021,Atascosa,8-San Antonio,HIP,5
2021,Atascosa,8-San Antonio,HOPES,2
2021,Atascosa,8-San Antonio,TNFP,2
2021,Bandera,8-San Antonio,HIP,1
2021,Bandera,8-San Antonio,TNFP,1
2021,Bastrop,7-Austin,HOPES,3
2021,Bastrop,7-Austin,THV MIECHV,307
2021,Bastrop,7-Austin,TNFP,2
2021,Baylor,2-Abilene,THV MIECHV,1
2021,Bell,7-Austin,HIP,39
2021,Bell,7-Austin,HOPES,343
2021,Bell,7-Austin,SMVF,331
2021,Bell,7-Austin,TNFP,9
2021,Bexar,8-San Antonio,HIP,128
2021,Bexar,8-San Antonio,HOPES,1035
2021,Bexar,8-San Antonio,SMVF,148
2021,Bexar,8-San Antonio,THV MIECHV,478
2021,Bexar,8-San Antonio,TNFP,726
2021,Borden,9-Midland,HIP,1
2021,Bosque,7-Austin,HOPES,1
2021,Bosque,7-Austin,TNFP,1
2021,Bowie,4-Tyler,HIP,1
2021,Brazoria,6-Houston,CBCAP,4
2021,Brazoria,6-Houston,HIP,1
2021,Brazoria,6-Houston,HOPES,28
2021,Brazoria,6-Houston,THV STATE,1
2021,Brazoria,6-Houston,TNFP,4
2021,Brazos,7-Austin,CBCAP,187
2021,Brazos,7-Austin,HOPES,165
2021,Brown,2-Abilene,HIP,12
2021,Burleson,7-Austin,CBCAP,3
2021,Burnet,7-Austin,HOPES,10
2021,Caldwell,7-Austin,THV MIECHV,5
2021,Caldwell,7-Austin,TNFP,1
2021,Callahan,2-Abilene,HIP,1
2021,Callahan,2-Abilene,HOPES,13
2021,Cameron,11-Edinburg,CBCAP,82
2021,Cameron,11-Edinburg,HIP,11
2021,Cameron,11-Edinburg,HOPES,228
2021,Cameron,11-Edinburg,THV MIECHV,75
2021,Cameron,11-Edinburg,TNFP,3
2021,Carson,1-Lubbock,THV MIECHV,1
2021,Cass,4-Tyler,THV MIECHV,1
2021,Chambers,6-Houston,CBCAP,2
2021,Chambers,6-Houston,THV STATE,1
2021,Chambers,6-Houston,TNFP,3
2021,Cherokee,4-Tyler,HIP,4
2021,Cherokee,4-Tyler,THV MIECHV,2
2021,Clay,2-Abilene,HOPES,3
2021,Clay,2-Abilene,THV MIECHV,7
2021,Coleman,2-Abilene,HIP,4
2021,Collin,3-Arlington,HIP,2
2021,Collin,3-Arlington,HOPES,3
2021,Collin,3-Arlington,THV MIECHV,150
2021,Collin,3-Arlington,TNFP,31
2021,Comal,8-San Antonio,HIP,6
2021,Comal,8-San Antonio,HOPES,3
2021,Comal,8-San Antonio,SMVF,5
2021,Comal,8-San Antonio,THV MIECHV,1
2021,Comal,8-San Antonio,TNFP,6
2021,Comanche,2-Abilene,HIP,1
2021,Cooke,3-Arlington,HOPES,1
2021,Coryell,7-Austin,HIP,3
2021,Coryell,7-Austin,HOPES,79
2021,Coryell,7-Austin,SMVF,128
2021,Crosby,1-Lubbock,SMVF,1
2021,Crosby,1-Lubbock,TNFP,3
2021,Dallas,3-Arlington,HIP,44
2021,Dallas,3-Arlington,HOPES,592
2021,Dallas,3-Arlington,THV MIECHV,442
2021,Dallas,3-Arlington,TNFP,503
2021,Deaf Smith,1-Lubbock,THV MIECHV,2
2021,Denton,3-Arlington,HIP,11
2021,Denton,3-Arlington,HOPES,42
2021,Denton,3-Arlington,THV MIECHV,2
2021,Denton,3-Arlington,TNFP,26
2021,Eastland,2-Abilene,HIP,1
2021,Ector,9-Midland,THV MIECHV,222
2021,Ellis,3-Arlington,HOPES,15
2021,Ellis,3-Arlington,TNFP,4
2021,El Paso,10-El Paso,HIP,1
2021,El Paso,10-El Paso,HOPES,448
2021,El Paso,10-El Paso,SMVF,257
2021,El Paso,10-El Paso,TNFP,179
2021,Erath,3-Arlington,HOPES,2
2021,Falls,7-Austin,HOPES,5
2021,Falls,7-Austin,TNFP,3
2021,Fisher,2-Abilene,HIP,2
2021,Fisher,2-Abilene,HOPES,1
2021,Fort Bend,6-Houston,CBCAP,12
2021,Fort Bend,6-Houston,HOPES,35
2021,Fort Bend,6-Houston,THV STATE,16
2021,Fort Bend,6-Houston,TNFP,24
2021,Franklin,4-Tyler,HIP,2
2021,Frio,8-San Antonio,HIP,1
2021,Frio,8-San Antonio,HOPES,1
2021,Galveston,6-Houston,CBCAP,1
2021,Galveston,6-Houston,HIP,1
2021,Galveston,6-Houston,HOPES,73
2021,Galveston,6-Houston,TNFP,18
2021,Garza,1-Lubbock,TNFP,1
2021,Gray,1-Lubbock,THV MIECHV,1
2021,Gregg,4-Tyler,HIP,5
2021,Gregg,4-Tyler,HOPES,127
2021,Gregg,4-Tyler,THV MIECHV,225
2021,Guadalupe,8-San Antonio,HIP,7
2021,Guadalupe,8-San Antonio,HOPES,3
2021,Guadalupe,8-San Antonio,SMVF,1
2021,Guadalupe,8-San Antonio,THV MIECHV,5
2021,Guadalupe,8-San Antonio,TNFP,4
2021,Hale,1-Lubbock,TNFP,6
2021,Hardin,5-Beaumont,HOPES,7
2021,Hardin,5-Beaumont,TNFP,9
2021,Harris,6-Houston,CBCAP,105
2021,Harris,6-Houston,HIP,63
2021,Harris,6-Houston,HOPES,660
2021,Harris,6-Houston,SMVF,17
2021,Harris,6-Houston,THV MIECHV,1
2021,Harris,6-Houston,THV STATE,396
2021,Harris,6-Houston,TNFP,597
2021,Harrison,4-Tyler,HIP,2
2021,Harrison,4-Tyler,HOPES,14
2021,Harrison,4-Tyler,THV MIECHV,28
2021,Haskell,2-Abilene,HIP,1
2021,Hays,7-Austin,HOPES,1
2021,Hays,7-Austin,THV MIECHV,119
2021,Hays,7-Austin,TNFP,10
2021,Henderson,4-Tyler,HIP,1
2021,Henderson,4-Tyler,HOPES,1
2021,Henderson,4-Tyler,THV MIECHV,19
2021,Henderson,4-Tyler,TNFP,9
2021,Hidalgo,11-Edinburg,HIP,52
2021,Hidalgo,11-Edinburg,HOPES,469
2021,Hidalgo,11-Edinburg,THV MIECHV,274
2021,Hidalgo,11-Edinburg,TNFP,217
2021,Hill,7-Austin,HOPES,2
2021,Hockley,1-Lubbock,HOPES,4
2021,Hockley,1-Lubbock,THV MIECHV,1
2021,Hockley,1-Lubbock,TNFP,6
2021,Hood,3-Arlington,HOPES,101
2021,Hopkins,4-Tyler,HIP,2
2021,Howard,9-Midland,HOPES,1
2021,Howard,9-Midland,THV MIECHV,1
2021,Hudspeth,10-El Paso,HOPES,3
2021,Hunt,3-Arlington,HIP,4
2021,Hutchinson,1-Lubbock,THV MIECHV,1
2021,Hutchinson,1-Lubbock,TNFP,1
2021,Jack,2-Abilene,HOPES,1
2021,Jasper,5-Beaumont,CBCAP,1
2021,Jefferson,5-Beaumont,HOPES,114
2021,Jefferson,5-Beaumont,TNFP,120
2021,Johnson,3-Arlington,HIP,3
2021,Johnson,3-Arlington,HOPES,163
2021,Jones,2-Abilene,HOPES,8
2021,Karnes,8-San Antonio,HIP,1
2021,Kaufman,3-Arlington,THV MIECHV,1
2021,Kaufman,3-Arlington,TNFP,1
2021,Kendall,8-San Antonio,SMVF,1
2021,Kleberg,11-Edinburg,HOPES,6
2021,Kleberg,11-Edinburg,SMVF,1
2021,Lamar,4-Tyler,HIP,17
2021,Lamar,4-Tyler,HOPES,1
2021,Lamb,1-Lubbock,TNFP,5
2021,Lampasas,7-Austin,HOPES,24
2021,Lampasas,7-Austin,SMVF,8
2021,Lampasas,7-Austin,TNFP,1
2021,Liberty,6-Houston,CBCAP,1
2021,Liberty,6-Houston,HOPES,1
2021,Liberty,6-Houston,THV STATE,3
2021,Limestone,7-Austin,HOPES,1
2021,Limestone,7-Austin,TNFP,3
2021,Llano,7-Austin,HOPES,9
2021,Llano,7-Austin,TNFP,1
2021,Lubbock,1-Lubbock,HOPES,198
2021,Lubbock,1-Lubbock,TNFP,229
2021,Lynn,1-Lubbock,TNFP,2
2021,McLennan,7-Austin,HIP,4
2021,McLennan,7-Austin,HOPES,176
2021,McLennan,7-Austin,SMVF,1
2021,McLennan,7-Austin,TNFP,327
2021,Medina,8-San Antonio,HIP,1
2021,Medina,8-San Antonio,SMVF,1
2021,Medina,8-San Antonio,THV MIECHV,1
2021,Midland,9-Midland,THV MIECHV,115
2021,Milam,7-Austin,HOPES,7
2021,Mills,7-Austin,HOPES,1
2021,Mitchell,2-Abilene,HIP,3
2021,Mitchell,2-Abilene,HOPES,1
2021,Montague,2-Abilene,HOPES,2
2021,Montgomery,6-Houston,CBCAP,90
2021,Montgomery,6-Houston,HOPES,153
2021,Montgomery,6-Houston,SMVF,51
2021,Montgomery,6-Houston,THV STATE,160
2021,Montgomery,6-Houston,TNFP,6
2021,Moore,1-Lubbock,THV MIECHV,1
2021,Morris,4-Tyler,HIP,1
2021,Morris,4-Tyler,THV MIECHV,1
2021,Navarro,3-Arlington,HOPES,78
2021,Nolan,2-Abilene,CBCAP,1
2021,Nolan,2-Abilene,HIP,2
2021,Nolan,2-Abilene,HOPES,4
2021,Nueces,11-Edinburg,HOPES,95
2021,Nueces,11-Edinburg,SMVF,22
2021,Nueces,11-Edinburg,THV MIECHV,397
2021,Orange,5-Beaumont,HOPES,4
2021,Orange,5-Beaumont,TNFP,40
2021,Palo Pinto,3-Arlington,HOPES,2
2021,Panola,4-Tyler,HIP,2
2021,Panola,4-Tyler,THV MIECHV,1
2021,Parker,3-Arlington,HIP,4
2021,Parker,3-Arlington,HOPES,50
2021,Parker,3-Arlington,TNFP,2
2021,Potter,1-Lubbock,HOPES,122
2021,Potter,1-Lubbock,THV MIECHV,160
2021,Randall,1-Lubbock,HOPES,26
2021,Randall,1-Lubbock,THV MIECHV,132
2021,Reagan,9-Midland,THV MIECHV,1
2021,Red River,4-Tyler,HIP,2
2021,Robertson,7-Austin,CBCAP,4
2021,Rockwall,3-Arlington,TNFP,1
2021,Runnels,2-Abilene,CBCAP,1
2021,Rusk,4-Tyler,HOPES,16
2021,Rusk,4-Tyler,THV MIECHV,10
2021,San Jacinto,5-Beaumont,CBCAP,1
2021,San Jacinto,5-Beaumont,SMVF,1
2021,San Patricio,11-Edinburg,HOPES,33
2021,San Patricio,11-Edinburg,THV MIECHV,5
2021,San Saba,7-Austin,HOPES,1
2021,Scurry,2-Abilene,HIP,2
2021,Shackelford,2-Abilene,HOPES,1
2021,Smith,4-Tyler,HIP,9
2021,Smith,4-Tyler,HOPES,21
2021,Smith,4-Tyler,THV MIECHV,283
2021,Smith,4-Tyler,TNFP,29
2021,Somervell,3-Arlington,HOPES,1
2021,Starr,11-Edinburg,THV MIECHV,217
2021,Stephens,2-Abilene,HIP,2
2021,Swisher,1-Lubbock,THV MIECHV,1
2021,Tarrant,3-Arlington,HIP,33
2021,Tarrant,3-Arlington,HOPES,746
2021,Tarrant,3-Arlington,THV MIECHV,2
2021,Tarrant,3-Arlington,THV STATE,182
2021,Tarrant,3-Arlington,TNFP,248
2021,Taylor,2-Abilene,CBCAP,67
2021,Taylor,2-Abilene,HIP,13
2021,Taylor,2-Abilene,HOPES,129
2021,Taylor,2-Abilene,TNFP,1
2021,Terry,1-Lubbock,TNFP,5
2021,Titus,4-Tyler,HIP,1
2021,Tom Green,9-Midland,THV STATE,76
2021,Travis,7-Austin,CBCAP,12
2021,Travis,7-Austin,HIP,48
2021,Travis,7-Austin,HOPES,515
2021,Travis,7-Austin,SMVF,1
2021,Travis,7-Austin,THV MIECHV,969
2021,Travis,7-Austin,TNFP,381
2021,Upshur,4-Tyler,HIP,1
2021,Upshur,4-Tyler,HOPES,9
2021,Upshur,4-Tyler,THV MIECHV,20
2021,Val Verde,8-San Antonio,CBCAP,1
2021,Van Zandt,4-Tyler,THV MIECHV,1
2021,Van Zandt,4-Tyler,TNFP,1
2021,Victoria,8-San Antonio,THV MIECHV,220
2021,Walker,6-Houston,CBCAP,1
2021,Waller,6-Houston,CBCAP,1
2021,Waller,6-Houston,HOPES,1
2021,Webb,11-Edinburg,HIP,1
2021,Webb,11-Edinburg,HOPES,306
2021,Webb,11-Edinburg,TNFP,115
2021,Wichita,2-Abilene,HIP,3
2021,Wichita,2-Abilene,HOPES,145
2021,Wichita,2-Abilene,THV MIECHV,367
2021,Wilbarger,2-Abilene,THV MIECHV,1
2021,Willacy,11-Edinburg,HIP,2
2021,Willacy,11-Edinburg,THV MIECHV,7
2021,Willacy,11-Edinburg,TNFP,26
2021,Williamson,7-Austin,CBCAP,2
2021,Williamson,7-Austin,HOPES,62
2021,Williamson,7-Austin,SMVF,2
2021,Williamson,7-Austin,THV MIECHV,13
2021,Williamson,7-Austin,TNFP,100
2021,Wilson,8-San Antonio,HIP,1
2021,Wilson,8-San Antonio,TNFP,1
2021,Wise,3-Arlington,HOPES,191
2021,Wood,4-Tyler,HIP,5
2021,Wood,4-Tyler,THV MIECHV,1
2021,Wood,4-Tyler,TNFP,1
2021,Young,2-Abilene,HIP,4
2021,Zavala,8-San Antonio,HOPES,1
2021,Out of State,Out of State,CBCAP,2
2021,Out of State,Out of State,HOPES,2
2021,Out of State,Out of State,SMVF,1
2021,Out of State,Out of State,THV MIECHV,1
2020,Andrews,9-Midland,THV MIECHV,3
2020,Aransas,11-Edinburg,THV MIECHV,1
2020,Archer,2-Abilene,THV MIECHV,8
2020,Atascosa,8-San Antonio,HIP,1
2020,Atascosa,8-San Antonio,HOPES,1
2020,Atascosa,8-San Antonio,THV MIECHV,1
2020,Atascosa,8-San Antonio,TNFP,3
2020,Bandera,8-San Antonio,TNFP,1
2020,Bastrop,7-Austin,HOPES,1
2020,Bastrop,7-Austin,THV MIECHV,190
2020,Bastrop,7-Austin,TNFP,5
2020,Bell,7-Austin,CBCAP,15
2020,Bell,7-Austin,HIP,32
2020,Bell,7-Austin,HOPES,223
2020,Bell,7-Austin,SMVF,482
2020,Bell,7-Austin,TNFP,9
2020,Bexar,8-San Antonio,CBCAP,2
2020,Bexar,8-San Antonio,HIP,143
2020,Bexar,8-San Antonio,HOPES,1021
2020,Bexar,8-San Antonio,SMVF,213
2020,Bexar,8-San Antonio,THV MIECHV,393
2020,Bexar,8-San Antonio,TNFP,724
2020,Bosque,7-Austin,HOPES,7
2020,Bowie,4-Tyler,HIP,3
2020,Brazoria,6-Houston,CBCAP,1
2020,Brazoria,6-Houston,HOPES,9
2020,Brazoria,6-Houston,THV STATE,1
2020,Brazoria,6-Houston,TNFP,6
2020,Brazos,7-Austin,CBCAP,201
2020,Brazos,7-Austin,HOPES,177
2020,Brown,2-Abilene,HIP,12
2020,Burleson,7-Austin,CBCAP,12
2020,Burnet,7-Austin,HOPES,6
2020,Caldwell,7-Austin,THV MIECHV,4
2020,Caldwell,7-Austin,TNFP,2
2020,Callahan,2-Abilene,HOPES,10
2020,Cameron,11-Edinburg,CBCAP,133
2020,Cameron,11-Edinburg,HIP,15
2020,Cameron,11-Edinburg,HOPES,329
2020,Cameron,11-Edinburg,THV MIECHV,79
2020,Cameron,11-Edinburg,TNFP,3
2020,Carson,1-Lubbock,THV MIECHV,1
2020,Cass,4-Tyler,HIP,1
2020,Cass,4-Tyler,THV MIECHV,1
2020,Chambers,6-Houston,HOPES,1
2020,Chambers,6-Houston,THV STATE,1
2020,Chambers,6-Houston,TNFP,2
2020,Cherokee,4-Tyler,HIP,2
2020,Cherokee,4-Tyler,THV MIECHV,4
2020,Clay,2-Abilene,HOPES,3
2020,Clay,2-Abilene,THV MIECHV,2
2020,Coleman,2-Abilene,HIP,5
2020,Collin,3-Arlington,HIP,1
2020,Collin,3-Arlington,HOPES,3
2020,Collin,3-Arlington,THV MIECHV,142
2020,Collin,3-Arlington,TNFP,26
2020,Comal,8-San Antonio,HIP,1
2020,Comal,8-San Antonio,HOPES,3
2020,Comal,8-San Antonio,THV MIECHV,1
2020,Comal,8-San Antonio,TNFP,6
2020,Comanche,2-Abilene,HIP,1
2020,Coryell,7-Austin,HIP,5
2020,Coryell,7-Austin,HOPES,45
2020,Coryell,7-Austin,SMVF,106
2020,Crosby,1-Lubbock,TNFP,3
2020,Culberson,10-El Paso,CBCAP,1
2020,Dallas,3-Arlington,HIP,37
2020,Dallas,3-Arlington,HOPES,579
2020,Dallas,3-Arlington,THV MIECHV,411
2020,Dallas,3-Arlington,TNFP,489
2020,Deaf Smith,1-Lubbock,THV MIECHV,1
2020,Denton,3-Arlington,CBCAP,16
2020,Denton,3-Arlington,HIP,10
2020,Denton,3-Arlington,HOPES,49
2020,Denton,3-Arlington,THV MIECHV,2
2020,Denton,3-Arlington,TNFP,23
2020,Donley,1-Lubbock,CBCAP,1
2020,Eastland,2-Abilene,CBCAP,1
2020,Eastland,2-Abilene,HIP,3
2020,Ector,9-Midland,HOPES,96
2020,Ector,9-Midland,THV MIECHV,176
2020,Ellis,3-Arlington,HOPES,20
2020,Ellis,3-Arlington,TNFP,2
2020,El Paso,10-El Paso,CBCAP,75
2020,El Paso,10-El Paso,HOPES,402
2020,El Paso,10-El Paso,SMVF,338
2020,El Paso,10-El Paso,TNFP,150
2020,Erath,3-Arlington,HOPES,2
2020,Falls,7-Austin,HIP,1
2020,Falls,7-Austin,TNFP,2
2020,Fannin,3-Arlington,HIP,1
2020,Fisher,2-Abilene,HIP,1
2020,Fort Bend,6-Houston,CBCAP,2
2020,Fort Bend,6-Houston,HOPES,26
2020,Fort Bend,6-Houston,THV STATE,13
2020,Fort Bend,6-Houston,TNFP,24
2020,Frio,8-San Antonio,CBCAP,1
2020,Galveston,6-Houston,CBCAP,32
2020,Galveston,6-Houston,HIP,1
2020,Galveston,6-Houston,HOPES,102
2020,Galveston,6-Houston,TNFP,11
2020,Garza,1-Lubbock,TNFP,1
2020,Goliad,8-San Antonio,THV MIECHV,1
2020,Gregg,4-Tyler,HIP,3
2020,Gregg,4-Tyler,HOPES,151
2020,Gregg,4-Tyler,THV MIECHV,223
2020,Guadalupe,8-San Antonio,CBCAP,1
2020,Guadalupe,8-San Antonio,HIP,1
2020,Guadalupe,8-San Antonio,HOPES,1
2020,Guadalupe,8-San Antonio,SMVF,7
2020,Guadalupe,8-San Antonio,THV MIECHV,14
2020,Guadalupe,8-San Antonio,TNFP,5
2020,Hale,1-Lubbock,TNFP,6
2020,Hamilton,7-Austin,HOPES,2
2020,Hardin,5-Beaumont,HOPES,1
2020,Hardin,5-Beaumont,TNFP,11
2020,Harris,6-Houston,CBCAP,70
2020,Harris,6-Houston,HIP,10
2020,Harris,6-Houston,HOPES,831
2020,Harris,6-Houston,THV STATE,440
2020,Harris,6-Houston,TNFP,560
2020,Harrison,4-Tyler,HOPES,19
2020,Harrison,4-Tyler,THV MIECHV,24
2020,Haskell,2-Abilene,HIP,2
2020,Hays,7-Austin,HOPES,2
2020,Hays,7-Austin,THV MIECHV,141
2020,Hays,7-Austin,TNFP,18
2020,Henderson,4-Tyler,TNFP,14
2020,Hidalgo,11-Edinburg,HIP,44
2020,Hidalgo,11-Edinburg,HOPES,498
2020,Hidalgo,11-Edinburg,SMVF,1
2020,Hidalgo,11-Edinburg,THV MIECHV,273
2020,Hidalgo,11-Edinburg,TNFP,175
2020,Hill,7-Austin,HOPES,5
2020,Hockley,1-Lubbock,HOPES,2
2020,Hockley,1-Lubbock,TNFP,7
2020,Hood,3-Arlington,HOPES,14
2020,Howard,9-Midland,THV MIECHV,1
2020,Hudspeth,10-El Paso,CBCAP,1
2020,Hudspeth,10-El Paso,HOPES,1
2020,Hutchinson,1-Lubbock,TNFP,1
2020,Jefferson,5-Beaumont,CBCAP,8
2020,Jefferson,5-Beaumont,HOPES,110
2020,Jefferson,5-Beaumont,TNFP,118
2020,Jim Wells,11-Edinburg,THV MIECHV,1
2020,Johnson,3-Arlington,HOPES,88
2020,Jones,2-Abilene,CBCAP,1
2020,Jones,2-Abilene,HOPES,12
2020,Kendall,8-San Antonio,HOPES,1
2020,Kendall,8-San Antonio,THV MIECHV,1
2020,Kleberg,11-Edinburg,HOPES,4
2020,Lamar,4-Tyler,HIP,1
2020,Lamb,1-Lubbock,TNFP,5
2020,Lampasas,7-Austin,HOPES,13
2020,Lampasas,7-Austin,SMVF,23
2020,Liberty,6-Houston,HOPES,1
2020,Liberty,6-Houston,THV STATE,2
2020,Limestone,7-Austin,HOPES,1
2020,Limestone,7-Austin,TNFP,2
2020,Llano,7-Austin,HOPES,6
2020,Llano,7-Austin,TNFP,1
2020,Lubbock,1-Lubbock,HOPES,198
2020,Lubbock,1-Lubbock,TNFP,241
2020,Lynn,1-Lubbock,TNFP,2
2020,Madison,7-Austin,CBCAP,1
2020,Matagorda,6-Houston,THV MIECHV,1
2020,Maverick,8-San Antonio,HOPES,1
2020,McLennan,7-Austin,CBCAP,6
2020,McLennan,7-Austin,HIP,24
2020,McLennan,7-Austin,HOPES,182
2020,McLennan,7-Austin,SMVF,21
2020,McLennan,7-Austin,TNFP,268
2020,Medina,8-San Antonio,HIP,1
2020,Medina,8-San Antonio,HOPES,2
2020,Medina,8-San Antonio,SMVF,1
2020,Medina,8-San Antonio,THV MIECHV,1
2020,Midland,9-Midland,CBCAP,2
2020,Midland,9-Midland,HOPES,16
2020,Midland,9-Midland,THV MIECHV,92
2020,Milam,7-Austin,HOPES,10
2020,Montgomery,6-Houston,CBCAP,44
2020,Montgomery,6-Houston,HOPES,132
2020,Montgomery,6-Houston,THV STATE,181
2020,Morris,4-Tyler,HIP,1
2020,Morris,4-Tyler,THV MIECHV,1
2020,Navarro,3-Arlington,HOPES,44
2020,Newton,5-Beaumont,TNFP,1
2020,Nolan,2-Abilene,HIP,2
2020,Nolan,2-Abilene,HOPES,9
2020,Nueces,11-Edinburg,HOPES,72
2020,Nueces,11-Edinburg,THV MIECHV,379
2020,Orange,5-Beaumont,HIP,1
2020,Orange,5-Beaumont,TNFP,35
2020,Palo Pinto,3-Arlington,HOPES,1
2020,Panola,4-Tyler,THV MIECHV,1
2020,Parker,3-Arlington,HIP,4
2020,Parker,3-Arlington,HOPES,10
2020,Parker,3-Arlington,TNFP,1
2020,Pecos,9-Midland,CBCAP,1
2020,Potter,1-Lubbock,HOPES,125
2020,Potter,1-Lubbock,THV MIECHV,138
2020,Randall,1-Lubbock,HOPES,34
2020,Randall,1-Lubbock,THV MIECHV,83
2020,Reagan,9-Midland,THV MIECHV,1
2020,Reeves,9-Midland,CBCAP,1
2020,Robertson,7-Austin,CBCAP,10
2020,Rockwall,3-Arlington,TNFP,1
2020,Runnels,2-Abilene,HIP,4
2020,Rusk,4-Tyler,HOPES,9
2020,Rusk,4-Tyler,THV MIECHV,9
2020,San Patricio,11-Edinburg,CBCAP,1
2020,San Patricio,11-Edinburg,HOPES,28
2020,San Patricio,11-Edinburg,THV MIECHV,2
2020,Scurry,2-Abilene,HIP,3
2020,Shackelford,2-Abilene,HOPES,2
2020,Smith,4-Tyler,HIP,1
2020,Smith,4-Tyler,THV MIECHV,254
2020,Smith,4-Tyler,TNFP,25
2020,Somervell,3-Arlington,HOPES,1
2020,Starr,11-Edinburg,THV MIECHV,204
2020,Tarrant,3-Arlington,CBCAP,74
2020,Tarrant,3-Arlington,HIP,15
2020,Tarrant,3-Arlington,HOPES,795
2020,Tarrant,3-Arlington,THV STATE,210
2020,Tarrant,3-Arlington,TNFP,243
2020,Taylor,2-Abilene,CBCAP,118
2020,Taylor,2-Abilene,HIP,2
2020,Taylor,2-Abilene,HOPES,152
2020,Taylor,2-Abilene,TNFP,1
2020,Terry,1-Lubbock,TNFP,6
2020,Throckmorton,2-Abilene,HIP,1
2020,Tom Green,9-Midland,THV STATE,70
2020,Travis,7-Austin,CBCAP,27
2020,Travis,7-Austin,HIP,33
2020,Travis,7-Austin,HOPES,588
2020,Travis,7-Austin,SMVF,4
2020,Travis,7-Austin,THV MIECHV,962
2020,Travis,7-Austin,TNFP,321
2020,Upshur,4-Tyler,HOPES,12
2020,Upshur,4-Tyler,THV MIECHV,16
2020,Uvalde,8-San Antonio,TNFP,1
2020,Victoria,8-San Antonio,HOPES,1
2020,Victoria,8-San Antonio,THV MIECHV,203
2020,Walker,6-Houston,HOPES,1
2020,Webb,11-Edinburg,HOPES,323
2020,Webb,11-Edinburg,TNFP,98
2020,Wichita,2-Abilene,HIP,1
2020,Wichita,2-Abilene,HOPES,70
2020,Wichita,2-Abilene,THV MIECHV,343
2020,Wilbarger,2-Abilene,HIP,1
2020,Wilbarger,2-Abilene,THV MIECHV,1
2020,Willacy,11-Edinburg,THV MIECHV,7
2020,Willacy,11-Edinburg,TNFP,33
2020,Williamson,7-Austin,CBCAP,3
2020,Williamson,7-Austin,HOPES,43
2020,Williamson,7-Austin,SMVF,37
2020,Williamson,7-Austin,THV MIECHV,8
2020,Williamson,7-Austin,TNFP,98
2020,Wilson,8-San Antonio,HOPES,1
2020,Wilson,8-San Antonio,SMVF,1
2020,Wilson,8-San Antonio,THV MIECHV,1
2020,Wise,3-Arlington,HOPES,1
2020,Wood,4-Tyler,THV MIECHV,1
2020,Wood,4-Tyler,TNFP,1
2020,Young,2-Abilene,HIP,6
2020,Out of State,Out of State,HOPES,1
2019,Andrews,9-Midland,CBCAP,1
2019,Angelina,5-Beaumont,HIP,2
2019,Atascosa,8-San Antonio,HOPES,1
2019,Atascosa,8-San Antonio,SMVF,2
2019,Austin,6-Houston,HIP,1
2019,Bastrop,7-Austin,HOPES,3
2019,Bell,7-Austin,HIP,15
2019,Bell,7-Austin,HOPES,106
2019,Bell,7-Austin,SMVF,769
2019,Bexar,8-San Antonio,CBCAP,5
2019,Bexar,8-San Antonio,HIP,96
2019,Bexar,8-San Antonio,HOPES,702
2019,Bexar,8-San Antonio,SMVF,312
2019,Bosque,7-Austin,HOPES,1
2019,Bowie,4-Tyler,HIP,3
2019,Brazoria,6-Houston,HOPES,10
2019,Brazos,7-Austin,CBCAP,188
2019,Brazos,7-Austin,HOPES,143
2019,Burleson,7-Austin,CBCAP,22
2019,Caldwell,7-Austin,CBCAP,2
2019,Callahan,2-Abilene,HOPES,6
2019,Cameron,11-Edinburg,CBCAP,193
2019,Cameron,11-Edinburg,HIP,8
2019,Cameron,11-Edinburg,HOPES,341
2019,Clay,2-Abilene,HOPES,1
2019,Collin,3-Arlington,CBCAP,3
2019,Collin,3-Arlington,HIP,2
2019,Colorado,6-Houston,HIP,1
2019,Comal,8-San Antonio,HIP,2
2019,Comal,8-San Antonio,SMVF,2
2019,Cooke,3-Arlington,CBCAP,1
2019,Coryell,7-Austin,HIP,4
2019,Coryell,7-Austin,HOPES,29
2019,Coryell,7-Austin,SMVF,73
2019,Culberson,10-El Paso,CBCAP,1
2019,Dallas,3-Arlington,CBCAP,7
2019,Dallas,3-Arlington,HIP,37
2019,Dallas,3-Arlington,HOPES,584
2019,Denton,3-Arlington,CBCAP,61
2019,Denton,3-Arlington,HIP,1
2019,Denton,3-Arlington,HOPES,104
2019,Ector,9-Midland,CBCAP,5
2019,Ector,9-Midland,HOPES,72
2019,Ellis,3-Arlington,CBCAP,1
2019,Ellis,3-Arlington,HIP,1
2019,Ellis,3-Arlington,HOPES,21
2019,El Paso,10-El Paso,CBCAP,147
2019,El Paso,10-El Paso,HOPES,561
2019,El Paso,10-El Paso,SMVF,432
2019,Falls,7-Austin,HIP,1
2019,Fannin,3-Arlington,CBCAP,1
2019,Fort Bend,6-Houston,CBCAP,87
2019,Fort Bend,6-Houston,HOPES,18
2019,Galveston,6-Houston,HIP,2
2019,Galveston,6-Houston,HOPES,96
2019,Grayson,3-Arlington,CBCAP,1
2019,Gregg,4-Tyler,HIP,8
2019,Gregg,4-Tyler,HOPES,228
2019,Guadalupe,8-San Antonio,SMVF,9
2019,Harris,6-Houston,CBCAP,3
2019,Harris,6-Houston,HIP,42
2019,Harris,6-Houston,HOPES,841
2019,Harrison,4-Tyler,HIP,1
2019,Harrison,4-Tyler,HOPES,16
2019,Hays,7-Austin,HIP,1
2019,Hidalgo,11-Edinburg,CBCAP,1
2019,Hidalgo,11-Edinburg,HIP,7
2019,Hidalgo,11-Edinburg,HOPES,602
2019,Hill,7-Austin,HIP,1
2019,Hudspeth,10-El Paso,CBCAP,1
2019,Hudspeth,10-El Paso,HOPES,1
2019,Hudspeth,10-El Paso,SMVF,4
2019,Jasper,5-Beaumont,HIP,1
2019,Jefferson,5-Beaumont,HIP,2
2019,Jefferson,5-Beaumont,HOPES,218
2019,Johnson,3-Arlington,CBCAP,1
2019,Johnson,3-Arlington,HIP,4
2019,Johnson,3-Arlington,HOPES,84
2019,Jones,2-Abilene,HOPES,12
2019,Kaufman,3-Arlington,HIP,1
2019,Kleberg,11-Edinburg,HOPES,4
2019,Lampasas,7-Austin,HIP,1
2019,Lampasas,7-Austin,HOPES,5
2019,Lampasas,7-Austin,SMVF,4
2019,Leon,7-Austin,CBCAP,1
2019,Liberty,6-Houston,HOPES,2
2019,Lubbock,1-Lubbock,CBCAP,1
2019,Lubbock,1-Lubbock,HIP,3
2019,Lubbock,1-Lubbock,HOPES,217
2019,Madison,7-Austin,CBCAP,1
2019,Maverick,8-San Antonio,CBCAP,2
2019,McLennan,7-Austin,CBCAP,1
2019,McLennan,7-Austin,HIP,13
2019,McLennan,7-Austin,HOPES,155
2019,Medina,8-San Antonio,HOPES,1
2019,Medina,8-San Antonio,SMVF,1
2019,Midland,9-Midland,CBCAP,1
2019,Midland,9-Midland,HOPES,13
2019,Montague,2-Abilene,CBCAP,1
2019,Montgomery,6-Houston,HIP,6
2019,Montgomery,6-Houston,HOPES,145
2019,Nacogdoches,5-Beaumont,HIP,1
2019,Navarro,3-Arlington,HIP,1
2019,Nolan,2-Abilene,HOPES,3
2019,Nueces,11-Edinburg,CBCAP,1
2019,Nueces,11-Edinburg,HOPES,81
2019,Orange,5-Beaumont,HIP,2
2019,Palo Pinto,3-Arlington,CBCAP,1
2019,Parker,3-Arlington,CBCAP,2
2019,Parker,3-Arlington,HIP,1
2019,Pecos,9-Midland,CBCAP,1
2019,Polk,5-Beaumont,HIP,1
2019,Potter,1-Lubbock,HOPES,148
2019,Rains,4-Tyler,CBCAP,1
2019,Randall,1-Lubbock,HOPES,31
2019,Reeves,9-Midland,CBCAP,1
2019,Robertson,7-Austin,CBCAP,8
2019,Rockwall,3-Arlington,CBCAP,1
2019,Rusk,4-Tyler,HIP,1
2019,Rusk,4-Tyler,HOPES,4
2019,San Jacinto,5-Beaumont,HIP,1
2019,San Patricio,11-Edinburg,HOPES,38
2019,Shackelford,2-Abilene,HOPES,3
2019,Smith,4-Tyler,HIP,2
2019,Tarrant,3-Arlington,CBCAP,150
2019,Tarrant,3-Arlington,HIP,13
2019,Tarrant,3-Arlington,HOPES,754
2019,Taylor,2-Abilene,CBCAP,137
2019,Taylor,2-Abilene,HOPES,105
2019,Travis,7-Austin,CBCAP,56
2019,Travis,7-Austin,HIP,26
2019,Travis,7-Austin,HOPES,411
2019,Upshur,4-Tyler,HIP,1
2019,Upshur,4-Tyler,HOPES,22
2019,Van Zandt,4-Tyler,HIP,1
2019,Walker,6-Houston,HIP,1
2019,Waller,6-Houston,HOPES,1
2019,Webb,11-Edinburg,HOPES,239
2019,Wichita,2-Abilene,CBCAP,1
2019,Wichita,2-Abilene,HOPES,88
2019,Williamson,7-Austin,CBCAP,6
2019,Williamson,7-Austin,HOPES,37
2019,Williamson,7-Austin,SMVF,2
2019,Wilson,8-San Antonio,HOPES,1
2019,Wise,3-Arlington,CBCAP,1
2019,Wood,4-Tyler,HIP,1
2019,Out of State,Out of State,CBCAP,1
2019,Out of State,Out of State,HOPES,3
2019,Out of State,Out of State,SMVF,6
2018,Anderson,4-Tyler,HIP,2
2018,Andrews,9-Midland,HIP,1
2018,Angelina,5-Beaumont,HIP,5
2018,Atascosa,8-San Antonio,CBCAP,1
2018,Atascosa,8-San Antonio,HOPES,1
2018,Atascosa,8-San Antonio,SMVF,4
2018,Atascosa,8-San Antonio,TFTS (2011-2018),1
2018,Bastrop,7-Austin,HOPES,4
2018,Bell,7-Austin,HIP,13
2018,Bell,7-Austin,HOPES,121
2018,Bell,7-Austin,SMVF,424
2018,Bexar,8-San Antonio,CBCAP,4
2018,Bexar,8-San Antonio,CBFS (2011-2018),248
2018,Bexar,8-San Antonio,HIP,43
2018,Bexar,8-San Antonio,HOPES,527
2018,Bexar,8-San Antonio,SMVF,364
2018,Bexar,8-San Antonio,TFTS (2011-2018),714
2018,Bowie,4-Tyler,HIP,1
2018,Brazoria,6-Houston,CBCAP,1
2018,Brazoria,6-Houston,HIP,2
2018,Brazoria,6-Houston,HOPES,2
2018,Brazos,7-Austin,HOPES,116
2018,Brazos,7-Austin,TFTS (2011-2018),241
2018,Brown,2-Abilene,CBCAP,1
2018,Brown,2-Abilene,HIP,3
2018,Brown,2-Abilene,TFTS (2011-2018),118
2018,Burleson,7-Austin,TFTS (2011-2018),12
2018,Caldwell,7-Austin,CBCAP,1
2018,Caldwell,7-Austin,HIP,1
2018,Callahan,2-Abilene,HIP,1
2018,Callahan,2-Abilene,HOPES,2
2018,Callahan,2-Abilene,TFTS (2011-2018),5
2018,Cameron,11-Edinburg,CBCAP,234
2018,Cameron,11-Edinburg,HOPES,333
2018,Cameron,11-Edinburg,TFTS (2011-2018),140
2018,Chambers,6-Houston,HOPES,1
2018,Cherokee,4-Tyler,HIP,1
2018,Clay,2-Abilene,HOPES,3
2018,Coleman,2-Abilene,CBCAP,1
2018,Coleman,2-Abilene,TFTS (2011-2018),9
2018,Comal,8-San Antonio,SMVF,4
2018,Comal,8-San Antonio,TFTS (2011-2018),1
2018,Comanche,2-Abilene,TFTS (2011-2018),2
2018,Cooke,3-Arlington,CBCAP,1
2018,Coryell,7-Austin,HIP,1
2018,Coryell,7-Austin,HOPES,19
2018,Coryell,7-Austin,SMVF,46
2018,Dallas,3-Arlington,CBCAP,5
2018,Dallas,3-Arlington,HIP,34
2018,Dallas,3-Arlington,HOPES,526
2018,Dawson,9-Midland,HIP,2
2018,Denton,3-Arlington,CBCAP,41
2018,Denton,3-Arlington,HIP,2
2018,Denton,3-Arlington,HOPES,120
2018,Eastland,2-Abilene,HIP,1
2018,Eastland,2-Abilene,TFTS (2011-2018),3
2018,Ector,9-Midland,CBCAP,5
2018,Ector,9-Midland,HOPES,64
2018,Ellis,3-Arlington,HOPES,32
2018,El Paso,10-El Paso,CBCAP,129
2018,El Paso,10-El Paso,HOPES,507
2018,El Paso,10-El Paso,SMVF,210
2018,Fort Bend,6-Houston,CBCAP,85
2018,Fort Bend,6-Houston,HIP,3
2018,Fort Bend,6-Houston,HOPES,21
2018,Frio,8-San Antonio,SMVF,3
2018,Galveston,6-Houston,HIP,1
2018,Galveston,6-Houston,HOPES,82
2018,Gonzales,8-San Antonio,SMVF,1
2018,Grayson,3-Arlington,CBCAP,1
2018,Grayson,3-Arlington,HIP,1
2018,Gregg,4-Tyler,HIP,4
2018,Gregg,4-Tyler,HOPES,234
2018,Grimes,7-Austin,TFTS (2011-2018),80
2018,Guadalupe,8-San Antonio,CBFS (2011-2018),23
2018,Guadalupe,8-San Antonio,HIP,2
2018,Guadalupe,8-San Antonio,SMVF,11
2018,Hardin,5-Beaumont,HIP,4
2018,Hardin,5-Beaumont,HOPES,1
2018,Harris,6-Houston,CBCAP,67
2018,Harris,6-Houston,HIP,37
2018,Harris,6-Houston,HOPES,641
2018,Harrison,4-Tyler,HIP,3
2018,Harrison,4-Tyler,HOPES,15
2018,Hays,7-Austin,HIP,2
2018,Hays,7-Austin,TFTS (2011-2018),1
2018,Hidalgo,11-Edinburg,CBCAP,4
2018,Hidalgo,11-Edinburg,HOPES,734
2018,Hidalgo,11-Edinburg,TFTS (2011-2018),593
2018,Hood,3-Arlington,HIP,1
2018,Howard,9-Midland,HIP,2
2018,Hudspeth,10-El Paso,CBCAP,1
2018,Hudspeth,10-El Paso,HOPES,1
2018,Hudspeth,10-El Paso,SMVF,1
2018,Hunt,3-Arlington,HIP,2
2018,Jack,2-Abilene,HIP,1
2018,Jasper,5-Beaumont,HIP,5
2018,Jefferson,5-Beaumont,HIP,15
2018,Jefferson,5-Beaumont,HOPES,192
2018,Johnson,3-Arlington,CBCAP,1
2018,Johnson,3-Arlington,HOPES,82
2018,Jones,2-Abilene,HOPES,22
2018,Kaufman,3-Arlington,HIP,1
2018,Kendall,8-San Antonio,SMVF,1
2018,Kerr,8-San Antonio,SMVF,1
2018,Kerr,8-San Antonio,TFTS (2011-2018),35
2018,Kleberg,11-Edinburg,HOPES,3
2018,Lampasas,7-Austin,HOPES,5
2018,Lampasas,7-Austin,SMVF,1
2018,Lavaca,8-San Antonio,HIP,1
2018,Leon,7-Austin,TFTS (2011-2018),3
2018,Liberty,6-Houston,HOPES,2
2018,Lubbock,1-Lubbock,CBCAP,1
2018,Lubbock,1-Lubbock,HIP,5
2018,Lubbock,1-Lubbock,HOPES,200
2018,Madison,7-Austin,TFTS (2011-2018),11
2018,Maverick,8-San Antonio,CBCAP,1
2018,McCulloch,9-Midland,TFTS (2011-2018),2
2018,McLennan,7-Austin,CBCAP,1
2018,McLennan,7-Austin,HIP,3
2018,McLennan,7-Austin,HOPES,124
2018,Medina,8-San Antonio,HOPES,1
2018,Medina,8-San Antonio,SMVF,1
2018,Midland,9-Midland,CBCAP,1
2018,Midland,9-Midland,HIP,3
2018,Midland,9-Midland,HOPES,16
2018,Mills,7-Austin,TFTS (2011-2018),1
2018,Montague,2-Abilene,HIP,1
2018,Montgomery,6-Houston,CBCAP,2
2018,Montgomery,6-Houston,HIP,5
2018,Montgomery,6-Houston,HOPES,149
2018,Nacogdoches,5-Beaumont,HIP,4
2018,Navarro,3-Arlington,HIP,1
2018,Nolan,2-Abilene,CBCAP,1
2018,Nolan,2-Abilene,HOPES,6
2018,Nueces,11-Edinburg,CBCAP,2
2018,Nueces,11-Edinburg,HOPES,100
2018,Nueces,11-Edinburg,TFTS (2011-2018),143
2018,Orange,5-Beaumont,HIP,2
2018,Orange,5-Beaumont,HOPES,1
2018,Palo Pinto,3-Arlington,HIP,1
2018,Parker,3-Arlington,CBCAP,2
2018,Parker,3-Arlington,HIP,1
2018,Polk,5-Beaumont,HIP,1
2018,Potter,1-Lubbock,HOPES,113
2018,Randall,1-Lubbock,HOPES,27
2018,Robertson,7-Austin,TFTS (2011-2018),37
2018,Runnels,2-Abilene,CBCAP,2
2018,Rusk,4-Tyler,HOPES,3
2018,San Patricio,11-Edinburg,HOPES,27
2018,San Saba,7-Austin,TFTS (2011-2018),18
2018,Shackelford,2-Abilene,HOPES,4
2018,Smith,4-Tyler,CBCAP,1
2018,Smith,4-Tyler,HIP,1
2018,Starr,11-Edinburg,CBCAP,1
2018,Tarrant,3-Arlington,CBCAP,150
2018,Tarrant,3-Arlington,HIP,15
2018,Tarrant,3-Arlington,HOPES,732
2018,Tarrant,3-Arlington,TFTS (2011-2018),249
2018,Taylor,2-Abilene,CBCAP,110
2018,Taylor,2-Abilene,HIP,2
2018,Taylor,2-Abilene,HOPES,202
2018,Tom Green,9-Midland,CBCAP,44
2018,Travis,7-Austin,CBCAP,20
2018,Travis,7-Austin,HIP,18
2018,Travis,7-Austin,HOPES,572
2018,Trinity,5-Beaumont,HIP,2
2018,Upshur,4-Tyler,HOPES,15
2018,Walker,6-Houston,HOPES,1
2018,Waller,6-Houston,HOPES,2
2018,Webb,11-Edinburg,CBCAP,2
2018,Webb,11-Edinburg,HOPES,216
2018,Wichita,2-Abilene,CBCAP,1
2018,Wichita,2-Abilene,HIP,5
2018,Wichita,2-Abilene,HOPES,130
2018,Willacy,11-Edinburg,CBCAP,1
2018,Williamson,7-Austin,HOPES,39
2018,Williamson,7-Austin,SMVF,1
2018,Wilson,8-San Antonio,SMVF,2
2018,Wise,3-Arlington,CBCAP,1
2018,Wise,3-Arlington,HOPES,1
2018,Out of State,Out of State,CBCAP,2
2018,Out of State,Out of State,HOPES,1
2018,Out of State,Out of State,SMVF,2
2017,Atascosa,8-San Antonio,CBFS (2011-2018),2
2017,Atascosa,8-San Antonio,HIP,1
2017,Atascosa,8-San Antonio,TFTS (2011-2018),1
2017,Bastrop,7-Austin,HOPES,5
2017,Bell,7-Austin,CBCAP,1
2017,Bell,7-Austin,HOPES,14
2017,Bell,7-Austin,SMVF,256
2017,Bexar,8-San Antonio,CBFS (2011-2018),343
2017,Bexar,8-San Antonio,HIP,64
2017,Bexar,8-San Antonio,HOPES,95
2017,Bexar,8-San Antonio,SMVF,323
2017,Bexar,8-San Antonio,TFTS (2011-2018),797
2017,Bowie,4-Tyler,CBCAP,1
2017,Brazoria,6-Houston,CBCAP,1
2017,Brazoria,6-Houston,HIP,2
2017,Brazoria,6-Houston,HOPES,4
2017,Brazos,7-Austin,HOPES,36
2017,Brazos,7-Austin,TFTS (2011-2018),277
2017,Brown,2-Abilene,CBCAP,4
2017,Brown,2-Abilene,CBFS (2011-2018),17
2017,Brown,2-Abilene,TFTS (2011-2018),144
2017,Burleson,7-Austin,TFTS (2011-2018),36
2017,Caldwell,7-Austin,HOPES,1
2017,Callahan,2-Abilene,CBCAP,5
2017,Callahan,2-Abilene,HOPES,4
2017,Callahan,2-Abilene,TFTS (2011-2018),6
2017,Cameron,11-Edinburg,CBCAP,165
2017,Cameron,11-Edinburg,HOPES,224
2017,Cameron,11-Edinburg,TFTS (2011-2018),248
2017,Cass,4-Tyler,CBCAP,1
2017,Chambers,6-Houston,HOPES,2
2017,Clay,2-Abilene,HOPES,2
2017,Coleman,2-Abilene,CBCAP,2
2017,Coleman,2-Abilene,CBFS (2011-2018),4
2017,Coleman,2-Abilene,TFTS (2011-2018),9
2017,Collin,3-Arlington,CBCAP,1
2017,Collin,3-Arlington,HIP,3
2017,Colorado,6-Houston,HIP,1
2017,Comal,8-San Antonio,CBFS (2011-2018),4
2017,Comal,8-San Antonio,HIP,2
2017,Comal,8-San Antonio,SMVF,6
2017,Comanche,2-Abilene,CBFS (2011-2018),1
2017,Comanche,2-Abilene,TFTS (2011-2018),8
2017,Coryell,7-Austin,HOPES,2
2017,Coryell,7-Austin,SMVF,45
2017,Crane,9-Midland,CBCAP,1
2017,Dallam,1-Lubbock,HOPES,1
2017,Dallas,3-Arlington,CBCAP,8
2017,Dallas,3-Arlington,HIP,33
2017,Dallas,3-Arlington,HOPES,549
2017,Dawson,9-Midland,HIP,1
2017,Deaf Smith,1-Lubbock,CBCAP,1
2017,Denton,3-Arlington,CBCAP,28
2017,Denton,3-Arlington,HOPES,25
2017,Eastland,2-Abilene,TFTS (2011-2018),1
2017,Ector,9-Midland,CBCAP,8
2017,Ector,9-Midland,HIP,4
2017,Ector,9-Midland,HOPES,55
2017,Ellis,3-Arlington,HIP,1
2017,Ellis,3-Arlington,HOPES,6
2017,El Paso,10-El Paso,CBCAP,151
2017,El Paso,10-El Paso,HOPES,539
2017,El Paso,10-El Paso,SMVF,138
2017,Erath,3-Arlington,CBCAP,2
2017,Fannin,3-Arlington,HIP,1
2017,Fisher,2-Abilene,CBCAP,1
2017,Fort Bend,6-Houston,CBCAP,84
2017,Fort Bend,6-Houston,HIP,2
2017,Fort Bend,6-Houston,HOPES,20
2017,Frio,8-San Antonio,SMVF,1
2017,Gaines,9-Midland,CBCAP,1
2017,Galveston,6-Houston,HIP,1
2017,Galveston,6-Houston,HOPES,12
2017,Gonzales,8-San Antonio,SMVF,1
2017,Grayson,3-Arlington,CBCAP,4
2017,Grayson,3-Arlington,HIP,2
2017,Gregg,4-Tyler,HIP,5
2017,Gregg,4-Tyler,HOPES,186
2017,Grimes,7-Austin,TFTS (2011-2018),48
2017,Guadalupe,8-San Antonio,CBFS (2011-2018),21
2017,Guadalupe,8-San Antonio,HIP,4
2017,Guadalupe,8-San Antonio,SMVF,7
2017,Guadalupe,8-San Antonio,TFTS (2011-2018),1
2017,Hardin,5-Beaumont,HOPES,10
2017,Harris,6-Houston,CBCAP,77
2017,Harris,6-Houston,HIP,33
2017,Harris,6-Houston,HOPES,498
2017,Harrison,4-Tyler,HIP,1
2017,Haskell,2-Abilene,CBCAP,1
2017,Hays,7-Austin,HIP,2
2017,Hays,7-Austin,HOPES,3
2017,Henderson,4-Tyler,HIP,2
2017,Hidalgo,11-Edinburg,CBCAP,3
2017,Hidalgo,11-Edinburg,HOPES,528
2017,Hidalgo,11-Edinburg,TFTS (2011-2018),641
2017,Hood,3-Arlington,HIP,1
2017,Howard,9-Midland,CBCAP,2
2017,Howard,9-Midland,HIP,5
2017,Hudspeth,10-El Paso,CBCAP,1
2017,Hunt,3-Arlington,HIP,1
2017,Hunt,3-Arlington,HOPES,2
2017,Hutchinson,1-Lubbock,TFTS (2011-2018),1
2017,Jack,2-Abilene,TFTS (2011-2018),1
2017,Jasper,5-Beaumont,HOPES,1
2017,Jefferson,5-Beaumont,CBCAP,2
2017,Jefferson,5-Beaumont,HOPES,127
2017,Jim Hogg,11-Edinburg,TFTS (2011-2018),1
2017,Johnson,3-Arlington,CBCAP,1
2017,Johnson,3-Arlington,HOPES,11
2017,Jones,2-Abilene,CBCAP,1
2017,Jones,2-Abilene,HOPES,17
2017,Karnes,8-San Antonio,TFTS (2011-2018),1
2017,Kaufman,3-Arlington,HIP,3
2017,Kendall,8-San Antonio,CBFS (2011-2018),1
2017,Kendall,8-San Antonio,SMVF,1
2017,Kerr,8-San Antonio,TFTS (2011-2018),70
2017,Kleberg,11-Edinburg,HOPES,7
2017,Lamb,1-Lubbock,CBCAP,1
2017,Lampasas,7-Austin,SMVF,6
2017,Lavaca,8-San Antonio,HIP,1
2017,Liberty,6-Houston,HOPES,2
2017,Lubbock,1-Lubbock,CBCAP,4
2017,Lubbock,1-Lubbock,HIP,3
2017,Lubbock,1-Lubbock,HOPES,208
2017,Lubbock,1-Lubbock,SMVF,1
2017,Madison,7-Austin,TFTS (2011-2018),11
2017,Martin,9-Midland,CBCAP,1
2017,McCulloch,9-Midland,CBFS (2011-2018),2
2017,McCulloch,9-Midland,TFTS (2011-2018),5
2017,McLennan,7-Austin,HOPES,109
2017,Medina,8-San Antonio,SMVF,1
2017,Midland,9-Midland,CBCAP,5
2017,Midland,9-Midland,HIP,3
2017,Midland,9-Midland,HOPES,11
2017,Mills,7-Austin,CBFS (2011-2018),4
2017,Mills,7-Austin,TFTS (2011-2018),6
2017,Montgomery,6-Houston,HIP,7
2017,Montgomery,6-Houston,HOPES,30
2017,Navarro,3-Arlington,HIP,2
2017,Nolan,2-Abilene,CBCAP,1
2017,Nolan,2-Abilene,HOPES,10
2017,Nueces,11-Edinburg,CBCAP,2
2017,Nueces,11-Edinburg,HOPES,88
2017,Nueces,11-Edinburg,TFTS (2011-2018),138
2017,Orange,5-Beaumont,HOPES,3
2017,Palo Pinto,3-Arlington,HIP,2
2017,Palo Pinto,3-Arlington,TFTS (2011-2018),1
2017,Parker,3-Arlington,CBCAP,1
2017,Parker,3-Arlington,HIP,1
2017,Pecos,9-Midland,HIP,1
2017,Potter,1-Lubbock,HOPES,73
2017,Randall,1-Lubbock,HOPES,30
2017,Robertson,7-Austin,TFTS (2011-2018),31
2017,Rockwall,3-Arlington,HOPES,1
2017,Runnels,2-Abilene,CBCAP,2
2017,Runnels,2-Abilene,CBFS (2011-2018),1
2017,Runnels,2-Abilene,TFTS (2011-2018),1
2017,Rusk,4-Tyler,HIP,1
2017,San Patricio,11-Edinburg,HOPES,4
2017,San Saba,7-Austin,CBFS (2011-2018),3
2017,San Saba,7-Austin,TFTS (2011-2018),22
2017,Shackelford,2-Abilene,HOPES,4
2017,Smith,4-Tyler,HIP,2
2017,Starr,11-Edinburg,CBCAP,2
2017,Starr,11-Edinburg,HOPES,1
2017,Stephens,2-Abilene,CBCAP,2
2017,Tarrant,3-Arlington,CBCAP,195
2017,Tarrant,3-Arlington,HIP,7
2017,Tarrant,3-Arlington,HOPES,83
2017,Tarrant,3-Arlington,TFTS (2011-2018),380
2017,Taylor,2-Abilene,CBCAP,129
2017,Taylor,2-Abilene,HIP,7
2017,Taylor,2-Abilene,HOPES,126
2017,Taylor,2-Abilene,TFTS (2011-2018),1
2017,Tom Green,9-Midland,CBCAP,51
2017,Tom Green,9-Midland,HIP,3
2017,Travis,7-Austin,HIP,27
2017,Travis,7-Austin,HOPES,628
2017,Upshur,4-Tyler,CBCAP,1
2017,Val Verde,8-San Antonio,HOPES,1
2017,Val Verde,8-San Antonio,TFTS (2011-2018),1
2017,Van Zandt,4-Tyler,CBCAP,1
2017,Van Zandt,4-Tyler,HIP,2
2017,Van Zandt,4-Tyler,HOPES,1
2017,Walker,6-Houston,HOPES,1
2017,Webb,11-Edinburg,CBCAP,3
2017,Webb,11-Edinburg,HOPES,186
2017,Wichita,2-Abilene,CBCAP,3
2017,Wichita,2-Abilene,HOPES,73
2017,Willacy,11-Edinburg,CBCAP,1
2017,Williamson,7-Austin,HIP,5
2017,Williamson,7-Austin,HOPES,42
2017,Wilson,8-San Antonio,CBFS (2011-2018),1
2017,Wilson,8-San Antonio,SMVF,4
2017,Wilson,8-San Antonio,TFTS (2011-2018),1
2017,Wise,3-Arlington,CBCAP,1
2017,Wise,3-Arlington,HIP,1
2017,Wood,4-Tyler,CBCAP,2
2017,Wood,4-Tyler,HOPES,1
2017,Out of State,Out of State,CBCAP,11
2017,Out of State,Out of State,SMVF,3
2016,Archer,2-Abilene,HOPES,1
2016,Bell,7-Austin,CBCAP,1
2016,Bexar,8-San Antonio,CBCAP,307
2016,Bexar,8-San Antonio,CBFS (2011-2018),343
2016,Bexar,8-San Antonio,HIP,9
2016,Bexar,8-San Antonio,SMVF,74
2016,Bexar,8-San Antonio,TFTS (2011-2018),570
2016,Brazoria,6-Houston,HOPES,2
2016,Brazos,7-Austin,TFTS (2011-2018),243
2016,Brown,2-Abilene,CBFS (2011-2018),29
2016,Brown,2-Abilene,TFTS (2011-2018),129
2016,Burleson,7-Austin,TFTS (2011-2018),32
2016,Callahan,2-Abilene,CBFS (2011-2018),1
2016,Callahan,2-Abilene,TFTS (2011-2018),3
2016,Cameron,11-Edinburg,CBCAP,148
2016,Cameron,11-Edinburg,HOPES,258
2016,Cameron,11-Edinburg,TFTS (2011-2018),211
2016,Coleman,2-Abilene,CBFS (2011-2018),3
2016,Coleman,2-Abilene,TFTS (2011-2018),8
2016,Collin,3-Arlington,HIP,1
2016,Comal,8-San Antonio,SMVF,3
2016,Comanche,2-Abilene,CBFS (2011-2018),2
2016,Comanche,2-Abilene,TFTS (2011-2018),12
2016,Dallas,3-Arlington,HIP,10
2016,Dallas,3-Arlington,HOPES,53
2016,Denton,3-Arlington,CBCAP,12
2016,Denton,3-Arlington,HIP,1
2016,Eastland,2-Abilene,CBFS (2011-2018),1
2016,Eastland,2-Abilene,TFTS (2011-2018),26
2016,Ector,9-Midland,CBCAP,1
2016,Ector,9-Midland,HOPES,123
2016,El Paso,10-El Paso,CBCAP,219
2016,El Paso,10-El Paso,HOPES,517
2016,El Paso,10-El Paso,SMVF,40
2016,Fort Bend,6-Houston,CBCAP,7
2016,Fort Bend,6-Houston,HOPES,3
2016,Gregg,4-Tyler,HOPES,142
2016,Grimes,7-Austin,TFTS (2011-2018),33
2016,Guadalupe,8-San Antonio,CBFS (2011-2018),31
2016,Guadalupe,8-San Antonio,HIP,2
2016,Hardin,5-Beaumont,CBCAP,1
2016,Hardin,5-Beaumont,HOPES,3
2016,Harris,6-Houston,CBCAP,68
2016,Harris,6-Houston,HOPES,157
2016,Hidalgo,11-Edinburg,HOPES,336
2016,Hidalgo,11-Edinburg,TFTS (2011-2018),649
2016,Houston,5-Beaumont,HOPES,1
2016,Jefferson,5-Beaumont,HOPES,78
2016,Jones,2-Abilene,HOPES,5
2016,Kerr,8-San Antonio,TFTS (2011-2018),16
2016,Kleberg,11-Edinburg,HOPES,1
2016,Leon,7-Austin,TFTS (2011-2018),3
2016,Lubbock,1-Lubbock,HOPES,104
2016,Madison,7-Austin,TFTS (2011-2018),56
2016,McCulloch,9-Midland,CBFS (2011-2018),4
2016,McCulloch,9-Midland,TFTS (2011-2018),5
2016,McLennan,7-Austin,HOPES,27
2016,Medina,8-San Antonio,SMVF,1
2016,Midland,9-Midland,HOPES,6
2016,Mills,7-Austin,CBFS (2011-2018),1
2016,Mills,7-Austin,TFTS (2011-2018),8
2016,Nolan,2-Abilene,HOPES,1
2016,Nueces,11-Edinburg,HOPES,21
2016,Nueces,11-Edinburg,TFTS (2011-2018),144
2016,Orange,5-Beaumont,HOPES,3
2016,Potter,1-Lubbock,HOPES,68
2016,Randall,1-Lubbock,HOPES,18
2016,Robertson,7-Austin,TFTS (2011-2018),13
2016,Runnels,2-Abilene,CBCAP,2
2016,Runnels,2-Abilene,CBFS (2011-2018),1
2016,Runnels,2-Abilene,TFTS (2011-2018),5
2016,San Saba,7-Austin,CBFS (2011-2018),4
2016,San Saba,7-Austin,TFTS (2011-2018),15
2016,Shackelford,2-Abilene,HOPES,4
2016,Tarrant,3-Arlington,CBCAP,126
2016,Tarrant,3-Arlington,HOPES,1
2016,Tarrant,3-Arlington,TFTS (2011-2018),411
2016,Taylor,2-Abilene,CBCAP,144
2016,Taylor,2-Abilene,HOPES,30
2016,Tom Green,9-Midland,CBCAP,69
2016,Travis,7-Austin,HIP,3
2016,Travis,7-Austin,HOPES,426
2016,Webb,11-Edinburg,HOPES,188
2016,Wichita,2-Abilene,HOPES,37
2016,Williamson,7-Austin,HIP,3
2016,Williamson,7-Austin,HOPES,20
2016,Wilson,8-San Antonio,SMVF,1
2015,Austin,6-Houston,HIP,1
2015,Bell,7-Austin,TFTS (2011-2018),1
2015,Bexar,8-San Antonio,CBCAP,499
2015,Bexar,8-San Antonio,CBFS (2011-2018),324
2015,Bexar,8-San Antonio,HIP,14
2015,Bexar,8-San Antonio,TFTS (2011-2018),365
2015,Brazos,7-Austin,TFTS (2011-2018),291
2015,Brown,2-Abilene,CBFS (2011-2018),27
2015,Brown,2-Abilene,TFTS (2011-2018),139
2015,Burleson,7-Austin,TFTS (2011-2018),5
2015,Callahan,2-Abilene,CBFS (2011-2018),1
2015,Callahan,2-Abilene,TFTS (2011-2018),2
2015,Cameron,11-Edinburg,CBCAP,119
2015,Cameron,11-Edinburg,HOPES,175
2015,Cameron,11-Edinburg,TFTS (2011-2018),250
2015,Coleman,2-Abilene,CBFS (2011-2018),3
2015,Coleman,2-Abilene,TFTS (2011-2018),19
2015,Comanche,2-Abilene,CBFS (2011-2018),2
2015,Comanche,2-Abilene,TFTS (2011-2018),8
2015,Dallas,3-Arlington,CBCAP,4
2015,Dallas,3-Arlington,HIP,10
2015,Eastland,2-Abilene,CBFS (2011-2018),3
2015,Eastland,2-Abilene,TFTS (2011-2018),20
2015,Ector,9-Midland,CBCAP,4
2015,Ector,9-Midland,HOPES,79
2015,Ellis,3-Arlington,CBCAP,1
2015,El Paso,10-El Paso,CBCAP,438
2015,El Paso,10-El Paso,HOPES,405
2015,Galveston,6-Houston,HIP,2
2015,Gray,1-Lubbock,CBCAP,1
2015,Gregg,4-Tyler,HOPES,143
2015,Guadalupe,8-San Antonio,CBFS (2011-2018),49
2015,Hardin,5-Beaumont,HIP,2
2015,Harris,6-Houston,CBCAP,60
2015,Harris,6-Houston,HIP,21
2015,Hidalgo,11-Edinburg,HOPES,168
2015,Hidalgo,11-Edinburg,TFTS (2011-2018),651
2015,Johnson,3-Arlington,CBCAP,1
2015,Kaufman,3-Arlington,HIP,2
2015,Kerr,8-San Antonio,TFTS (2011-2018),4
2015,Leon,7-Austin,TFTS (2011-2018),5
2015,Lubbock,1-Lubbock,HIP,1
2015,Madison,7-Austin,TFTS (2011-2018),33
2015,McCulloch,9-Midland,CBFS (2011-2018),6
2015,McCulloch,9-Midland,TFTS (2011-2018),10
2015,Midland,9-Midland,CBCAP,1
2015,Mills,7-Austin,CBFS (2011-2018),4
2015,Mills,7-Austin,TFTS (2011-2018),8
2015,Montgomery,6-Houston,HIP,1
2015,Nueces,11-Edinburg,TFTS (2011-2018),17
2015,Potter,1-Lubbock,HOPES,42
2015,Randall,1-Lubbock,HOPES,4
2015,Robertson,7-Austin,TFTS (2011-2018),33
2015,Runnels,2-Abilene,CBCAP,7
2015,Runnels,2-Abilene,CBFS (2011-2018),1
2015,Runnels,2-Abilene,TFTS (2011-2018),3
2015,San Saba,7-Austin,CBFS (2011-2018),4
2015,San Saba,7-Austin,TFTS (2011-2018),5
2015,Tarrant,3-Arlington,CBCAP,109
2015,Tarrant,3-Arlington,HIP,2
2015,Tarrant,3-Arlington,TFTS (2011-2018),339
2015,Taylor,2-Abilene,CBCAP,118
2015,Tom Green,9-Midland,CBCAP,106
2015,Tom Green,9-Midland,HOPES,1
2015,Travis,7-Austin,HOPES,219
2015,Waller,6-Houston,HIP,2
2015,Webb,11-Edinburg,HOPES,135
2014,Bell,7-Austin,TFTS (2011-2018),3
2014,Bexar,8-San Antonio,CBCAP,469
2014,Bexar,8-San Antonio,CBFS (2011-2018),257
2014,Bexar,8-San Antonio,TFTS (2011-2018),558
2014,Blanco,7-Austin,CBCAP,1
2014,Brazos,7-Austin,TFTS (2011-2018),257
2014,Brown,2-Abilene,CBFS (2011-2018),15
2014,Brown,2-Abilene,TFTS (2011-2018),111
2014,Burleson,7-Austin,TFTS (2011-2018),8
2014,Callahan,2-Abilene,TFTS (2011-2018),9
2014,Cameron,11-Edinburg,CBCAP,25
2014,Cameron,11-Edinburg,TFTS (2011-2018),112
2014,Coleman,2-Abilene,CBFS (2011-2018),4
2014,Coleman,2-Abilene,TFTS (2011-2018),9
2014,Comanche,2-Abilene,CBFS (2011-2018),6
2014,Comanche,2-Abilene,TFTS (2011-2018),12
2014,Dallas,3-Arlington,CBCAP,1
2014,Eastland,2-Abilene,CBFS (2011-2018),2
2014,Eastland,2-Abilene,TFTS (2011-2018),15
2014,Ellis,3-Arlington,CBCAP,1
2014,El Paso,10-El Paso,CBCAP,322
2014,Guadalupe,8-San Antonio,CBFS (2011-2018),44
2014,Hidalgo,11-Edinburg,TFTS (2011-2018),351
2014,Kerr,8-San Antonio,TFTS (2011-2018),18
2014,Leon,7-Austin,TFTS (2011-2018),17
2014,Madison,7-Austin,TFTS (2011-2018),48
2014,McCulloch,9-Midland,TFTS (2011-2018),13
2014,Navarro,3-Arlington,TFTS (2011-2018),1
2014,Nolan,2-Abilene,TFTS (2011-2018),5
2014,Nueces,11-Edinburg,TFTS (2011-2018),228
2014,Robertson,7-Austin,TFTS (2011-2018),7
2014,Runnels,2-Abilene,CBFS (2011-2018),1
2014,Runnels,2-Abilene,TFTS (2011-2018),5
2014,San Saba,7-Austin,TFTS (2011-2018),8
2014,Tarrant,3-Arlington,CBCAP,12
2014,Tarrant,3-Arlington,TFTS (2011-2018),301
2014,Taylor,2-Abilene,CBCAP,6
2013,Atascosa,8-San Antonio,CBCAP,9
2013,Bandera,8-San Antonio,CBCAP,12
2013,Bexar,8-San Antonio,CBCAP,516
2013,Bexar,8-San Antonio,CBFS (2011-2018),254
2013,Bexar,8-San Antonio,TFTS (2011-2018),471
2013,Blanco,7-Austin,TFTS (2011-2018),5
2013,Brazos,7-Austin,TFTS (2011-2018),289
2013,Brown,2-Abilene,TFTS (2011-2018),160
2013,Burleson,7-Austin,TFTS (2011-2018),5
2013,Callahan,2-Abilene,TFTS (2011-2018),4
2013,Coleman,2-Abilene,TFTS (2011-2018),18
2013,Comanche,2-Abilene,TFTS (2011-2018),8
2013,Concho,9-Midland,CBCAP,2
2013,Concho,9-Midland,TFTS (2011-2018),1
2013,Crockett,9-Midland,CBCAP,3
2013,Crosby,1-Lubbock,TFTS (2011-2018),3
2013,Eastland,2-Abilene,TFTS (2011-2018),10
2013,El Paso,10-El Paso,CBCAP,204
2013,Frio,8-San Antonio,CBCAP,34
2013,Grimes,7-Austin,TFTS (2011-2018),7
2013,Guadalupe,8-San Antonio,CBFS (2011-2018),33
2013,Hale,1-Lubbock,TFTS (2011-2018),11
2013,Hockley,1-Lubbock,TFTS (2011-2018),11
2013,Hudspeth,10-El Paso,CBCAP,16
2013,Irion,9-Midland,TFTS (2011-2018),1
2013,Karnes,8-San Antonio,CBCAP,41
2013,Leon,7-Austin,TFTS (2011-2018),1
2013,Lubbock,1-Lubbock,TFTS (2011-2018),221
2013,Lynn,1-Lubbock,TFTS (2011-2018),5
2013,Madison,7-Austin,TFTS (2011-2018),35
2013,McCulloch,9-Midland,TFTS (2011-2018),12
2013,Mills,7-Austin,TFTS (2011-2018),10
2013,Real,8-San Antonio,CBCAP,13
2013,Robertson,7-Austin,TFTS (2011-2018),18
2013,Runnels,2-Abilene,CBCAP,14
2013,Runnels,2-Abilene,TFTS (2011-2018),3
2013,San Saba,7-Austin,TFTS (2011-2018),7
2013,Tarrant,3-Arlington,TFTS (2011-2018),199
2013,Terry,1-Lubbock,TFTS (2011-2018),17
2013,Tom Green,9-Midland,CBCAP,126
2013,Tom Green,9-Midland,TFTS (2011-2018),200
2013,Washington,7-Austin,TFTS (2011-2018),4
2012,Atascosa,8-San Antonio,CBCAP,28
2012,Bandera,8-San Antonio,CBCAP,4
2012,Bexar,8-San Antonio,CBCAP,111
2012,Bexar,8-San Antonio,CBFS (2011-2018),164
2012,Bexar,8-San Antonio,TFTS (2011-2018),500
2012,Blanco,7-Austin,TFTS (2011-2018),5
2012,Brazos,7-Austin,TFTS (2011-2018),279
2012,Brown,2-Abilene,TFTS (2011-2018),179
2012,Burleson,7-Austin,TFTS (2011-2018),4
2012,Callahan,2-Abilene,TFTS (2011-2018),1
2012,Coleman,2-Abilene,TFTS (2011-2018),5
2012,Comanche,2-Abilene,CBCAP,3
2012,Comanche,2-Abilene,TFTS (2011-2018),10
2012,Concho,9-Midland,CBCAP,2
2012,Concho,9-Midland,TFTS (2011-2018),1
2012,Crockett,9-Midland,CBCAP,3
2012,Crosby,1-Lubbock,TFTS (2011-2018),11
2012,Eastland,2-Abilene,CBCAP,26
2012,Eastland,2-Abilene,TFTS (2011-2018),6
2012,El Paso,10-El Paso,CBCAP,178
2012,Frio,8-San Antonio,CBCAP,12
2012,Grimes,7-Austin,TFTS (2011-2018),5
2012,Guadalupe,8-San Antonio,CBFS (2011-2018),42
2012,Hale,1-Lubbock,TFTS (2011-2018),33
2012,Hockley,1-Lubbock,TFTS (2011-2018),11
2012,Karnes,8-San Antonio,CBCAP,56
2012,Leon,7-Austin,TFTS (2011-2018),1
2012,Lubbock,1-Lubbock,TFTS (2011-2018),254
2012,Lynn,1-Lubbock,TFTS (2011-2018),3
2012,Madison,7-Austin,TFTS (2011-2018),15
2012,McCulloch,9-Midland,TFTS (2011-2018),17
2012,Mills,7-Austin,TFTS (2011-2018),11
2012,Montague,2-Abilene,CBCAP,2
2012,Real,8-San Antonio,CBCAP,18
2012,Robertson,7-Austin,TFTS (2011-2018),19
2012,Runnels,2-Abilene,CBCAP,10
2012,Runnels,2-Abilene,TFTS (2011-2018),4
2012,San Saba,7-Austin,TFTS (2011-2018),9
2012,Tarrant,3-Arlington,TFTS (2011-2018),208
2012,Terry,1-Lubbock,TFTS (2011-2018),19
2012,Tom Green,9-Midland,CBCAP,99
2012,Tom Green,9-Midland,TFTS (2011-2018),248
2012,Washington,7-Austin,TFTS (2011-2018),12
2012,Wichita,2-Abilene,CBCAP,22
2012,Young,2-Abilene,CBCAP,3
