Category,Region,Value
Population 2004,Alamo,2142947
Population 2005,Alamo,2183038
Population 2006,Alamo,2244757
Population 2007,Alamo,2301217
Population 2008,Alamo,2352774
Population 2009,Alamo,2399803
Water Consumption 2004,Alamo,739298
Water Consumption 2005,Alamo,818648
Water Consumption 2006,Alamo,820769
Water Consumption 2007,Alamo,627492
Water Consumption 2008,Alamo,880876
Water Consumption per Capita 2005,Alamo,0.38
Water Consumption per Capita 2006,Alamo,0.37
Water Consumption per Capita 2011,Alamo,0.43
Population 2004,Capital,1515908
Population 2005,Capital,1560807
Population 2006,Capital,1624761
Population 2007,Capital,1688971
Population 2008,Capital,1746339
Population 2009,Capital,1795474
Population Density 2007,Capital,200.2
Population Density 2008,Capital,207
Water Consumption 2004,Capital,334788
Water Consumption 2005,Capital,368189
Water Consumption 2006,Capital,384060
Water Consumption 2007,Capital,336651
Water Consumption 2008,Capital,407212
Water Consumption 2009,Capital,395938
Water Consumption 2010,Capital,391238
Water Consumption 2011,Capital,485038
Water Consumption 2012,Capital,393862
Water Consumption per Capita 2004,Capital,0.22
Water Consumption per Capita 2005,Capital,0.24
Water Consumption per Capita 2006,Capital,0.24
Water Consumption per Capita 2007,Capital,0.2
Water Consumption per Capita 2008,Capital,0.23
Water Consumption per Capita 2009,Capital,0.22
Water Consumption per Capita 2010,Capital,0.21
Water Consumption per Capita 2011,Capital,0.26
Water Consumption per Capita 2012,Capital,0.2
Population 2004,Central,1011863
Population 2005,Central,1026291
Population 2006,Central,1043363
Population 2007,Central,1065713
Population 2008,Central,1086794
Population 2009,Central,1100375
Water Consumption per Capita 2004,Central,0.44
Water Consumption per Capita 2005,Central,0.47
Water Consumption per Capita 2006,Central,0.44
Population 2004,Gulf Coast,5295983
Population 2005,Gulf Coast,5398017
Population 2006,Gulf Coast,5587630
Population 2007,Gulf Coast,5704344
Population 2008,Gulf Coast,5840526
Population 2009,Gulf Coast,5991217
Water Consumption per Capita 2004,Gulf Coast,0.51
Water Consumption per Capita 2007,Gulf Coast,0.45
Water Consumption per Capita 2008,Gulf Coast,0.38
Water Consumption per Capita 2009,Gulf Coast,0.39
Water Consumption per Capita 2010,Gulf Coast,0.39
Water Consumption per Capita 2011,Gulf Coast,0.48
Water Consumption per Capita 2012,Gulf Coast,0.37
Population 2004,High Plains,797737
Population 2005,High Plains,801907
Population 2006,High Plains,808440
Population 2007,High Plains,814018
Population 2008,High Plains,819054
Population 2009,High Plains,830455
Population Density 2012,High Plains,21.7
Water Consumption 2004,High Plains,5985391
Water Consumption 2005,High Plains,4751053
Water Consumption 2006,High Plains,4471457
Water Consumption 2007,High Plains,5826399
Water Consumption 2008,High Plains,6119891
Water Consumption 2009,High Plains,5416818
Water Consumption 2010,High Plains,4179667
Water Consumption 2011,High Plains,5921244
Water Consumption 2012,High Plains,5808444
Population 2004,Metroplex,5960546
Population 2005,Metroplex,6073274
Population 2006,Metroplex,6243262
Population 2007,Metroplex,6383763
Population 2008,Metroplex,6514503
Population 2009,Metroplex,6647336
Water Consumption 2004,Metroplex,1336086
Water Consumption 2005,Metroplex,1510570
Water Consumption 2007,Metroplex,1398262
Water Consumption 2008,Metroplex,1489751
Water Consumption per Capita 2004,Metroplex,0.22
Water Consumption per Capita 2005,Metroplex,0.25
Water Consumption per Capita 2007,Metroplex,0.22
Water Consumption per Capita 2010,Metroplex,0.21
Water Consumption per Capita 2011,Metroplex,0.24
Water Consumption per Capita 2012,Metroplex,0.22
Population 2004,Northwest,544487
Population 2005,Northwest,544185
Population 2006,Northwest,546180
Population 2007,Northwest,545317
Population 2008,Northwest,545089
Population 2009,Northwest,547606
Population Density 2006,Northwest,20
Water Consumption 2004,Northwest,343847
Water Consumption 2005,Northwest,364695
Water Consumption 2006,Northwest,394183
Water Consumption 2007,Northwest,322637
Water Consumption 2008,Northwest,392442
Water Consumption 2009,Northwest,399580
Water Consumption 2010,Northwest,368630
Water Consumption 2011,Northwest,549583
Water Consumption per Capita 2004,Northwest,0.63
Water Consumption per Capita 2005,Northwest,0.67
Water Consumption per Capita 2006,Northwest,0.72
Water Consumption per Capita 2007,Northwest,0.59
Water Consumption per Capita 2008,Northwest,0.72
Water Consumption per Capita 2010,Northwest,0.67
Water Consumption per Capita 2011,Northwest,1
Population 2004,South,2050176
Population 2005,South,2090798
Population 2006,South,2128268
Population 2007,South,2162148
Population 2008,South,2200102
Population 2009,South,2240969
Population Density 2004,South,57.6
Water Consumption 2004,South,1132669
Water Consumption 2009,South,1717008
Water Consumption per Capita 2005,South,0.75
Water Consumption per Capita 2007,South,0.68
Water Consumption per Capita 2008,South,0.75
Water Consumption per Capita 2012,South,0.71
Population 2004,Southeast,750716
Population 2005,Southeast,753285
Population 2006,Southeast,748531
Population 2007,Southeast,754339
Population 2008,Southeast,758982
Population 2009,Southeast,763635
Water Consumption 2004,Southeast,501715
Water Consumption 2005,Southeast,462801
Water Consumption 2006,Southeast,472017
Water Consumption 2007,Southeast,451676
Water Consumption 2008,Southeast,445833
Water Consumption 2009,Southeast,410065
Water Consumption 2010,Southeast,440830
Water Consumption 2011,Southeast,507662
Water Consumption 2012,Southeast,422208
Water Consumption per Capita 2004,Southeast,0.67
Water Consumption per Capita 2006,Southeast,0.63
Water Consumption per Capita 2007,Southeast,0.6
Water Consumption per Capita 2008,Southeast,0.59
Water Consumption per Capita 2009,Southeast,0.54
Water Consumption per Capita 2011,Southeast,0.66
Population 2004,Texas,22394023
Population 2005,Texas,22778123
Population 2006,Texas,23359580
Population 2007,Texas,23831983
Population 2008,Texas,24309039
Population 2009,Texas,24801761
Population Density 2005,Texas,87.2
Water Consumption per Capita 2004,Texas,0.69
Water Consumption per Capita 2005,Texas,0.66
Water Consumption per Capita 2006,Texas,0.64
Water Consumption per Capita 2007,Texas,0.65
Water Consumption per Capita 2008,Texas,0.66
Water Consumption per Capita 2009,Texas,0.62
Water Consumption per Capita 2012,Texas,0.61
Population 2004,Upper East,1053074
Population 2005,Upper East,1062374
Population 2006,Upper East,1076469
Population 2007,Upper East,1085160
Population 2008,Upper East,1093568
Population 2009,Upper East,1104767
Water Consumption 2009,Upper East,405210
Water Consumption 2011,Upper East,449192
Water Consumption per Capita 2004,Upper East,0.43
Water Consumption per Capita 2005,Upper East,0.41
Water Consumption per Capita 2006,Upper East,0.49
Water Consumption per Capita 2007,Upper East,0.44
Water Consumption per Capita 2009,Upper East,0.37
Water Consumption per Capita 2010,Upper East,0.4
Water Consumption per Capita 2011,Upper East,0.4
Water Consumption per Capita 2012,Upper East,0.39
Population 2004,West,528089
Population 2005,West,531190
Population 2006,West,538386
Population 2007,West,546585
Population 2008,West,556647
Population 2009,West,568585
Population Density 2011,West,14.6
Water Consumption 2004,West,980101
Water Consumption 2005,West,983252
Water Consumption 2006,West,1056752
Water Consumption 2007,West,975106
Water Consumption 2008,West,1150194
Water Consumption 2009,West,1052992
Water Consumption 2010,West,989009
Water Consumption 2011,West,1212784
Water Consumption per Capita 2004,West,1.86
Water Consumption per Capita 2010,West,1.73
Water Consumption per Capita 2011,West,2.09
Personal Income 2012,Metroplex,329587515
Personal Income 2004,Gulf Coast,192608533
Personal Income per Capita 2005,Metroplex,37791
Employment 2005,Northwest,217416
Employment 2007,Alamo,994219
Personal Income per Capita 2007,South,23063
Graduation Rate 2014,Metroplex,88.2
Personal Income 2005,Northwest,15349740
Average Wages 2013,Alamo,43291
Average Wages 2008,Gulf Coast,54082
Average Wages 2008,Central,36442
Population Density 2004,West,13.3
Uninsured Rate 2007,Alamo,23.5
Population 2012,Upper East,1124191
Uninsured Rate 2007,Northwest,23.7
Personal Income 2010,Northwest,18823932
Personal Income per Capita 2004,Metroplex,35299
Employment 2008,South,768531
Water Consumption 2011,South,2121511
Water Consumption 2007,Texas,15448290
Population 2011,Upper Rio Grande,844915
Personal Income per Capita 2008,High Plains,33518
Employment 2004,Central,423940
Population Density 2009,Alamo,138.1
Water Consumption per Capita 2009,Alamo,0.38
Personal Income 2010,Gulf Coast,272304204
Water Consumption 2013,Metroplex,1456281
Average Wages 2004,Upper Rio Grande,28576
Population Density 2014,Central,67.8
Water Consumption per Capita 2007,Central,0.4
Personal Income per Capita 2014,Metroplex,49019
Employment 2007,Capital,815111
Population Density 2009,Texas,94.9
Water Consumption 2005,Gulf Coast,2782062
Average Wages 2012,Gulf Coast,59900
Graduation Rate 2010,Texas,84.3
Population Density 2009,Capital,212.8
Personal Income 2011,Northwest,20793118
Employment 2007,Gulf Coast,2630068
Personal Income 2009,Upper Rio Grande,22576151
Employment 2005,Gulf Coast,2424391
Personal Income 2010,Texas,966447597
Average Wages 2006,Northwest,29984
Personal Income per Capita 2008,Capital,40922
Uninsured Rate 2008,Metroplex,24.7
Average Wages 2006,Central,33267
Water Consumption 2006,Upper East,528197
Population Density 2005,Alamo,125.7
Uninsured Rate 2014,High Plains,21.4
Water Consumption 2013,South,1281279
Graduation Rate 2007,Texas,78
Average Wages 2007,Capital,45104
Water Consumption per Capita 2013,Central,0.48
Average Wages 2014,West,55278
Average Wages 2004,South,26584
Water Consumption 2007,Central,416801
Personal Income per Capita 2012,Texas,43505
Water Consumption per Capita 2004,Alamo,0.35
Personal Income per Capita 2006,Capital,37286
Graduation Rate 2006,Upper East,87.2
Water Consumption 2004,Upper Rio Grande,490602
Graduation Rate 2004,Upper Rio Grande,79.8
Average Wages 2008,Metroplex,48984
Personal Income per Capita 2010,High Plains,34224
Average Wages 2009,Northwest,32860
Uninsured Rate 2014,Metroplex,20.2
Population 2012,High Plains,854229
Personal Income 2006,Upper Rio Grande,19173245
Average Wages 2014,Metroplex,54990
Graduation Rate 2007,Metroplex,79
Employment 2006,Gulf Coast,2520755
Water Consumption 2006,Metroplex,1555746
Employment 2014,South,829830
Uninsured Rate 2013,Capital,20.6
Personal Income 2006,Texas,830522563
Personal Income 2009,Northwest,17838320
Average Wages 2011,Gulf Coast,57406
Uninsured Rate 2007,Texas,26.8
Employment 2004,West,218203
Employment 2008,Upper East,430458
Personal Income per Capita 2007,Gulf Coast,44115
Uninsured Rate 2013,Upper East,25
Personal Income per Capita 2011,West,47717
Population Density 2008,Central,63.5
Population 2007,Upper Rio Grande,780408
Personal Income per Capita 2014,Capital,46911
Average Wages 2010,Alamo,40275
Employment 2007,Southeast,280694
Population Density 2010,Northwest,20.2
Uninsured Rate 2013,Alamo,22.4
Employment 2011,West,259650
Personal Income per Capita 2006,Gulf Coast,42722
Population Density 2012,West,15
Average Wages 2005,High Plains,30003
Uninsured Rate 2006,West,26.3
Personal Income per Capita 2012,South,27998
Uninsured Rate 2009,South,33.9
Uninsured Rate 2011,Alamo,23.2
Employment 2008,Central,470772
Water Consumption per Capita 2012,Northwest,0.73
Population 2010,Metroplex,6759986
Average Wages 2013,Upper East,39297
Personal Income 2007,Gulf Coast,251649853
Graduation Rate 2010,West,80.8
Personal Income per Capita 2008,Upper East,33658
Uninsured Rate 2011,Central,23.3
Employment 2008,Alamo,1014385
Employment 2009,Southeast,273381
Water Consumption 2005,South,1581385
Water Consumption 2009,Metroplex,1378825
Uninsured Rate 2007,West,26.8
Uninsured Rate 2006,Northwest,23.9
Population 2013,Texas,26505637
Water Consumption 2013,Upper Rio Grande,354850
Average Wages 2006,Metroplex,46289
Personal Income per Capita 2005,West,31112
Graduation Rate 2006,Central,83.4
Water Consumption 2013,Upper East,391710
Personal Income 2011,Gulf Coast,300782754
Personal Income 2014,South,70293226
Personal Income per Capita 2009,Central,32413
Employment 2004,Capital,711195
Uninsured Rate 2013,Upper Rio Grande,30.6
Employment 2011,Northwest,220333
Uninsured Rate 2007,High Plains,26.8
Population Density 2007,High Plains,20.7
Personal Income 2013,High Plains,33262206
Employment 2008,West,250660
Personal Income per Capita 2013,Capital,45246
Personal Income 2005,Alamo,67641674
Personal Income per Capita 2009,Metroplex,40624
Average Wages 2013,Capital,50934
Personal Income per Capita 2007,Texas,36992
Personal Income 2005,Gulf Coast,213767005
Personal Income per Capita 2004,Texas,31077
Graduation Rate 2012,High Plains,89
Personal Income 2008,South,54283258
Average Wages 2010,Southeast,39084
Average Wages 2011,Texas,48162
Population Density 2008,Upper East,70.8
Personal Income 2008,High Plains,27453166
Employment 2005,West,224084
Employment 2005,Southeast,268195
Employment 2007,Upper Rio Grande,299112
Water Consumption 2006,South,1611910
Personal Income per Capita 2011,High Plains,36509
Water Consumption 2009,Upper Rio Grande,560319
Uninsured Rate 2010,Alamo,23.3
Population 2013,Northwest,549144
Average Wages 2004,West,30837
Personal Income 2012,Central,40749651
Graduation Rate 2012,Texas,87.7
Uninsured Rate 2013,West,24.3
Uninsured Rate 2012,Central,22.3
Personal Income 2004,Northwest,14608495
Personal Income 2010,Capital,73238364
Graduation Rate 2005,Southeast,87.1
Water Consumption per Capita 2011,South,0.91
Population Density 2008,Gulf Coast,479.3
Employment 2014,Upper East,435191
Average Wages 2006,Upper East,32436
Graduation Rate 2013,Texas,88
Water Consumption 2008,Upper East,408805
Population Density 2007,Gulf Coast,468.2
Employment 2013,South,813400
Personal Income 2006,Metroplex,251102808
Average Wages 2005,Upper East,30718
Employment 2014,Gulf Coast,2983997
Water Consumption 2007,Gulf Coast,2592096
Uninsured Rate 2014,Gulf Coast,21.6
Water Consumption per Capita 2011,High Plains,6.96
Graduation Rate 2006,South,75.2
Population Density 2005,Upper East,68.8
Graduation Rate 2012,Gulf Coast,87.1
Employment 2004,South,691178
Average Wages 2004,Metroplex,42713
Graduation Rate 2004,West,82.1
Personal Income per Capita 2008,Northwest,34989
Personal Income 2006,West,18178118
Water Consumption per Capita 2013,High Plains,6.07
Graduation Rate 2013,Alamo,87.7
Personal Income per Capita 2011,Upper East,35357
Personal Income per Capita 2014,West,56476
Graduation Rate 2009,Northwest,83.9
Average Wages 2007,Gulf Coast,52200
Population 2014,Capital,2060139
Personal Income per Capita 2005,Alamo,30985
Water Consumption per Capita 2013,South,0.54
Population 2013,High Plains,858197
Personal Income per Capita 2013,Texas,43807
Population Density 2007,Upper Rio Grande,36
Uninsured Rate 2006,South,30.9
Employment 2011,High Plains,368725
Water Consumption per Capita 2010,South,0.59
Personal Income per Capita 2004,West,28272
Graduation Rate 2014,Gulf Coast,88.2
Average Wages 2010,Northwest,33428
Personal Income per Capita 2005,Central,27275
Personal Income per Capita 2006,West,33764
Personal Income per Capita 2008,West,42643
Employment 2007,Metroplex,3107419
Uninsured Rate 2010,Texas,26.3
Personal Income per Capita 2007,Upper Rio Grande,26381
Personal Income 2007,Central,32356914
Population Density 2012,Central,66.8
Personal Income per Capita 2007,Southeast,29825
Population Density 2009,Southeast,63.6
Water Consumption per Capita 2008,High Plains,7.51
Population Density 2014,Gulf Coast,546.5
Personal Income per Capita 2010,Texas,38282
Graduation Rate 2008,Capital,79.2
Water Consumption 2008,South,1647556
Population Density 2011,Southeast,64.3
Population 2010,Alamo,2448464
Personal Income per Capita 2008,Southeast,31641
Uninsured Rate 2009,High Plains,25.9
Uninsured Rate 2008,South,34
Personal Income per Capita 2007,Metroplex,41627
Uninsured Rate 2010,Northwest,25.5
Population Density 2004,Alamo,123.4
Average Wages 2006,Upper Rio Grande,30927
Population Density 2006,Upper Rio Grande,35.5
Graduation Rate 2011,Capital,86
Average Wages 2006,High Plains,31725
Average Wages 2006,Capital,44456
Graduation Rate 2012,Upper East,93.1
Personal Income 2005,Upper Rio Grande,17667067
Personal Income per Capita 2004,Central,25666
Employment 2012,Upper Rio Grande,323391
Graduation Rate 2011,Central,87.8
Water Consumption 2005,Central,480974
Personal Income 2008,Northwest,19072313
Uninsured Rate 2009,Capital,22.3
Employment 2005,Upper East,404726
Graduation Rate 2012,Northwest,93.6
Uninsured Rate 2014,Alamo,18.7
Population 2013,Capital,2001595
Graduation Rate 2005,Northwest,87.5
Population 2013,Alamo,2584668
Water Consumption per Capita 2013,Upper East,0.35
Personal Income per Capita 2005,Gulf Coast,39601
Population Density 2013,Central,67.3
Population 2010,Texas,25245717
Employment 2014,Metroplex,3386654
Uninsured Rate 2006,Metroplex,26.1
Personal Income 2004,Capital,49918956
Graduation Rate 2012,Metroplex,87.7
Population Density 2006,Upper East,69.7
Average Wages 2012,High Plains,38687
Average Wages 2010,South,32510
Average Wages 2009,Texas,45142
Average Wages 2005,Upper Rio Grande,29526
Water Consumption per Capita 2009,West,1.9
Employment 2010,Northwest,219766
Employment 2011,Metroplex,3104868
Average Wages 2013,Southeast,42469
Population 2012,Capital,1951232
Personal Income per Capita 2012,Gulf Coast,51822
Average Wages 2004,High Plains,29045
Personal Income per Capita 2013,Southeast,35330
Personal Income per Capita 2014,Gulf Coast,54301
Personal Income per Capita 2008,Alamo,35650
Personal Income per Capita 2007,High Plains,31389
Population Density 2010,Alamo,141
Employment 2012,Metroplex,3190347
Average Wages 2006,Gulf Coast,49084
Uninsured Rate 2011,Southeast,24.8
Graduation Rate 2006,Northwest,82.3
Population Density 2008,Northwest,20
Graduation Rate 2005,South,80.8
Average Wages 2009,High Plains,34866
Water Consumption per Capita 2008,Upper Rio Grande,0.67
Graduation Rate 2011,Northwest,92.8
Graduation Rate 2006,Metroplex,81.7
Employment 2004,Alamo,914788
Employment 2005,Capital,743716
Water Consumption 2009,Alamo,888061
Population Density 2005,West,13.4
Employment 2012,High Plains,372546
Water Consumption per Capita 2010,Alamo,0.34
Graduation Rate 2006,Southeast,82.8
Employment 2004,Southeast,269957
Population Density 2009,Central,64.3
Personal Income 2005,West,16526482
Employment 2014,Northwest,227031
Average Wages 2012,Southeast,42672
Uninsured Rate 2008,Northwest,24.2
Personal Income 2006,Northwest,16248596
Water Consumption per Capita 2012,Southeast,0.54
Average Wages 2011,Upper East,37905
Population 2010,West,572415
Personal Income per Capita 2011,Central,34520
Graduation Rate 2014,Upper Rio Grande,83.6
Personal Income 2013,Northwest,22271400
Graduation Rate 2012,Capital,88.7
Average Wages 2005,South,27604
Graduation Rate 2008,Northwest,82.7
Water Consumption per Capita 2013,Capital,0.19
Graduation Rate 2005,Upper East,88.5
Graduation Rate 2012,Alamo,87.2
Graduation Rate 2006,Gulf Coast,79.8
Graduation Rate 2008,Gulf Coast,78.8
Employment 2010,Alamo,1002208
Personal Income per Capita 2012,Upper Rio Grande,31042
Average Wages 2013,Central,39941
Personal Income 2008,Southeast,24015001
Personal Income per Capita 2014,Texas,45669
Personal Income 2011,Alamo,95531547
Average Wages 2008,Upper Rio Grande,33258
Population Density 2007,Metroplex,424.9
Personal Income 2005,Metroplex,229515129
Average Wages 2013,High Plains,39319
Personal Income per Capita 2009,Upper Rio Grande,27819
Average Wages 2012,West,49433
Personal Income 2014,Central,42937085
Personal Income per Capita 2013,South,28348
Personal Income per Capita 2011,Metroplex,44995
Uninsured Rate 2012,Metroplex,24.2
Employment 2013,Central,470629
Uninsured Rate 2013,Southeast,23.9
Personal Income 2011,Capital,80026459
Average Wages 2005,Texas,39741
Employment 2006,Upper East,412990
Water Consumption per Capita 2005,Gulf Coast,0.51
Personal Income per Capita 2012,Central,35666
Personal Income 2007,West,19643513
Graduation Rate 2014,High Plains,89.8
Personal Income 2006,Gulf Coast,238713285
Personal Income per Capita 2008,Upper Rio Grande,27512
Water Consumption per Capita 2010,Upper Rio Grande,0.6
Personal Income per Capita 2010,Capital,39770
Uninsured Rate 2006,Gulf Coast,30.7
Personal Income per Capita 2006,Northwest,29750
Personal Income per Capita 2005,Upper East,27395
Population 2011,South,2311913
Graduation Rate 2013,Gulf Coast,87.8
Employment 2011,Southeast,274273
Average Wages 2013,Upper Rio Grande,37155
Employment 2014,Capital,947894
Personal Income 2012,Texas,1135225582
Personal Income 2014,Gulf Coast,361558322
Uninsured Rate 2006,Central,27.4
Water Consumption per Capita 2006,West,1.98
Population Density 2004,Capital,179.7
Graduation Rate 2006,High Plains,85.7
Water Consumption 2008,Gulf Coast,2229473
Uninsured Rate 2014,Southeast,21.7
Personal Income per Capita 2006,Upper East,28773
Employment 2009,Upper Rio Grande,303972
Water Consumption 2006,Upper Rio Grande,460172
Personal Income 2008,West,23737267
Average Wages 2005,Metroplex,44114
Graduation Rate 2013,Metroplex,87.8
Population Density 2011,Capital,224.7
Personal Income per Capita 2012,West,52843
Average Wages 2011,South,33684
Water Consumption 2013,Northwest,328538
Population 2011,Central,1131860
Population Density 2012,Alamo,146.1
Personal Income per Capita 2009,Northwest,32575
Water Consumption 2005,Upper East,439597
Average Wages 2004,Capital,40854
Employment 2014,West,298191
Personal Income per Capita 2006,Southeast,28362
Personal Income per Capita 2010,Metroplex,41691
Graduation Rate 2010,Gulf Coast,83.9
Personal Income 2004,South,40711820
Employment 2006,Alamo,971492
Graduation Rate 2009,High Plains,83
Personal Income per Capita 2011,Alamo,38356
Population Density 2010,Metroplex,450
Graduation Rate 2014,Southeast,90
Average Wages 2004,Central,29788
Population Density 2004,Texas,85.7
Population 2011,High Plains,849278
Water Consumption per Capita 2009,Metroplex,0.2
Personal Income per Capita 2013,West,53225
Employment 2013,Southeast,271647
Employment 2012,Texas,11241008
Average Wages 2008,Capital,45974
Uninsured Rate 2006,High Plains,27.4
Graduation Rate 2011,Gulf Coast,85.9
Population 2011,Southeast,771818
Water Consumption 2013,High Plains,5240859
Personal Income 2010,Alamo,87396202
Personal Income per Capita 2008,South,24673
Water Consumption per Capita 2013,Upper Rio Grande,0.42
Water Consumption per Capita 2009,Northwest,0.72
Employment 2013,Northwest,224180
Personal Income 2009,South,54892829
Population Density 2009,Metroplex,442.5
Graduation Rate 2006,West,78.400000000000006
Personal Income 2008,Upper Rio Grande,21862508
Uninsured Rate 2012,Southeast,25
Employment 2008,Capital,830479
Water Consumption per Capita 2013,Northwest,0.59
Population Density 2007,West,13.8
Personal Income per Capita 2009,South,24495
Graduation Rate 2011,South,83.8
Water Consumption 2010,Texas,13837145
Population Density 2008,Metroplex,433.6
Water Consumption 2004,Central,444233
Average Wages 2012,Capital,50720
Average Wages 2014,South,36465
Personal Income per Capita 2006,Upper Rio Grande,24915
Population Density 2007,Texas,91.2
Water Consumption 2012,Northwest,408035
Personal Income 2008,Upper East,36806912
Employment 2007,Upper East,423790
Water Consumption 2013,Central,560105
Uninsured Rate 2013,Metroplex,23.9
Personal Income 2006,Upper East,30973537
Population 2011,Upper East,1119197
Graduation Rate 2004,High Plains,88.7
Personal Income per Capita 2013,Central,35726
Water Consumption per Capita 2013,West,1.74
Graduation Rate 2012,South,86
Average Wages 2007,Central,35046
Average Wages 2013,Northwest,37399
Employment 2010,Texas,10683183
Average Wages 2007,Alamo,37797
Personal Income per Capita 2008,Texas,39892
Uninsured Rate 2014,Upper Rio Grande,25
Personal Income 2005,Texas,759204486
Graduation Rate 2005,Central,86.9
Personal Income per Capita 2011,South,27037
Graduation Rate 2010,Upper Rio Grande,81
Water Consumption per Capita 2008,Metroplex,0.22
Average Wages 2007,South,30348
Uninsured Rate 2008,West,27.1
Employment 2013,Capital,909873
Personal Income per Capita 2014,Upper East,38703
Personal Income 2008,Metroplex,287247152
Personal Income per Capita 2004,Upper Rio Grande,22460
Population Density 2004,High Plains,20.3
Water Consumption per Capita 2013,Metroplex,0.21
Average Wages 2012,Metroplex,52694
Population 2012,Southeast,770053
Graduation Rate 2009,South,77.5
Average Wages 2012,Upper Rio Grande,37137
Population Density 2004,Upper East,68.2
Graduation Rate 2007,Upper East,85.3
Graduation Rate 2014,Upper East,93.6
Personal Income 2007,High Plains,25551419
Personal Income 2012,Alamo,100821464
Personal Income per Capita 2005,Upper Rio Grande,23464
Employment 2014,Southeast,277781
Water Consumption per Capita 2004,Upper Rio Grande,0.66
Average Wages 2011,High Plains,37027
Population Density 2011,Upper East,72.5
Personal Income 2004,Alamo,62628268
Personal Income 2004,Southeast,18762529
Employment 2011,Gulf Coast,2685989
Personal Income 2007,Metroplex,265734744
Uninsured Rate 2006,Upper East,24.5
Average Wages 2007,Upper East,33913
Average Wages 2007,Metroplex,48253
Water Consumption 2007,South,1474418
Water Consumption per Capita 2011,Central,0.52
Personal Income per Capita 2010,Southeast,32192
Personal Income per Capita 2004,High Plains,26793
Water Consumption per Capita 2008,West,2.11
Personal Income 2009,Southeast,23747408
Employment 2013,Upper Rio Grande,326409
Personal Income per Capita 2013,Upper East,37063
Graduation Rate 2004,Southeast,87.5
Water Consumption per Capita 2012,Alamo,0.34
Personal Income per Capita 2006,South,22016
Water Consumption 2008,Central,468924
Water Consumption 2009,Texas,15477765
Personal Income per Capita 2014,High Plains,40741
Water Consumption 2010,Alamo,817717
Population Density 2005,Metroplex,404.3
Personal Income 2009,West,20913282
Employment 2005,Upper Rio Grande,284856
Personal Income per Capita 2012,Southeast,35667
Graduation Rate 2005,Metroplex,85.5
Average Wages 2013,Gulf Coast,60532
Personal Income per Capita 2004,Southeast,24993
Average Wages 2014,Central,41199
Personal Income 2004,Metroplex,210401921
Population Density 2014,High Plains,21.9
Uninsured Rate 2013,Texas,24.8
Personal Income 2013,Gulf Coast,338998922
Water Consumption 2011,Upper Rio Grande,531417
Graduation Rate 2005,Gulf Coast,82.6
Personal Income per Capita 2010,Alamo,35694
Personal Income per Capita 2005,Capital,35213
Population Density 2006,High Plains,20.5
Employment 2012,Alamo,1046573
Water Consumption 2012,Upper Rio Grande,480224
Employment 2006,Metroplex,3023135
Uninsured Rate 2014,Central,19.2
Personal Income 2014,Southeast,28894605
Uninsured Rate 2008,Texas,25.7
Average Wages 2008,High Plains,35280
Uninsured Rate 2009,Alamo,23.8
Uninsured Rate 2014,Texas,21.4
Average Wages 2008,West,41500
Population 2011,Northwest,549858
Personal Income 2006,South,46856868
Personal Income 2012,Capital,88110875
Employment 2006,Upper Rio Grande,292304
Personal Income 2007,Alamo,78636140
Water Consumption 2013,Southeast,421983
Personal Income 2013,Upper East,41631353
Uninsured Rate 2006,Capital,24.8
Employment 2012,South,796269
Water Consumption per Capita 2013,Gulf Coast,0.33
Uninsured Rate 2010,Gulf Coast,27.3
Average Wages 2006,Southeast,34803
Personal Income per Capita 2004,South,19858
Personal Income per Capita 2010,Central,33004
Personal Income 2005,South,43658579
Average Wages 2008,Texas,45374
Personal Income 2010,Upper East,36778382
Graduation Rate 2010,Upper East,91.1
Population 2014,Northwest,549656
Personal Income per Capita 2007,West,35939
Average Wages 2008,Upper East,35468
Personal Income per Capita 2010,Upper Rio Grande,28852
Graduation Rate 2004,Central,87.6
Employment 2010,Metroplex,3032804
Graduation Rate 2010,Central,86.5
Personal Income per Capita 2009,Southeast,31098
Graduation Rate 2007,Southeast,82.5
Water Consumption 2004,Gulf Coast,2720201
Graduation Rate 2014,Northwest,90.7
Population Density 2012,Capital,231.2
Population Density 2010,West,14.4
Water Consumption per Capita 2006,Upper Rio Grande,0.6
Average Wages 2014,Gulf Coast,62953
Population Density 2013,Gulf Coast,533.6
Uninsured Rate 2006,Alamo,24.7
Population Density 2011,Metroplex,458.2
Population Density 2012,Upper Rio Grande,39.4
Population 2011,Alamo,2490659
Graduation Rate 2008,South,75
Employment 2012,Gulf Coast,2785253
Average Wages 2011,Southeast,40771
Uninsured Rate 2009,Metroplex,25.7
Personal Income per Capita 2014,Upper Rio Grande,31919
Personal Income 2011,Texas,1057983140
Employment 2009,Upper East,416341
Graduation Rate 2014,Texas,88.3
Employment 2004,Texas,9776300
Graduation Rate 2007,Gulf Coast,77.5
Population 2014,Southeast,770066
Employment 2008,Gulf Coast,2693230
Average Wages 2011,Metroplex,51112
Uninsured Rate 2012,High Plains,24.3
Uninsured Rate 2007,Central,26.1
Average Wages 2014,High Plains,40899
Population 2011,Texas,25657477
Graduation Rate 2009,Southeast,85.3
Employment 2010,Upper East,416559
Population Density 2013,South,66.5
Population Density 2006,West,13.6
Graduation Rate 2012,Southeast,91.1
Personal Income 2011,Metroplex,309729338
Water Consumption per Capita 2008,Central,0.44
Water Consumption per Capita 2006,South,0.75
Population Density 2013,Upper East,72.8
Water Consumption 2007,Upper Rio Grande,546064
Uninsured Rate 2014,West,21.5
Uninsured Rate 2008,Central,22
Population 2004,Upper Rio Grande,742497
Graduation Rate 2011,Metroplex,85.9
Average Wages 2005,West,32627
Uninsured Rate 2008,Upper East,24.5
Average Wages 2009,Upper Rio Grande,34287
Graduation Rate 2008,Central,82.5
Uninsured Rate 2006,Southeast,23.6
Water Consumption 2012,Central,530804
Average Wages 2011,Alamo,41761
Personal Income 2012,West,31479960
Employment 2012,Upper East,426790
Average Wages 2011,Capital,49145
Employment 2007,High Plains,360283
Employment 2010,Southeast,272741
Uninsured Rate 2011,Capital,21.7
Water Consumption 2013,Gulf Coast,2148795
Personal Income 2009,Metroplex,270038316
Employment 2008,Upper Rio Grande,306658
Employment 2014,Texas,11900143
Personal Income per Capita 2010,Northwest,34170
Employment 2007,Texas,10713075
Graduation Rate 2008,Upper East,86.4
Uninsured Rate 2012,Northwest,24.3
Uninsured Rate 2013,Gulf Coast,25.2
Water Consumption 2009,Central,513197
Personal Income per Capita 2012,High Plains,38083
Employment 2009,Capital,809855
Personal Income 2011,West,27688802
Average Wages 2004,Northwest,27466
Population 2010,Gulf Coast,6116209
Employment 2005,Metroplex,2923345
Average Wages 2004,Upper East,29563
Personal Income per Capita 2008,Gulf Coast,48777
Population Density 2014,Upper Rio Grande,39.5
Personal Income 2009,Alamo,82485061
Uninsured Rate 2010,High Plains,25.8
Employment 2013,Gulf Coast,2887334
Employment 2012,West,275727
Water Consumption per Capita 2005,High Plains,5.98
Water Consumption 2012,Upper East,436915
Personal Income 2012,Upper Rio Grande,26568037
Average Wages 2004,Texas,38050
Graduation Rate 2009,Capital,80.7
Personal Income 2009,Gulf Coast,259274437
Graduation Rate 2011,Upper East,92
Water Consumption per Capita 2005,Upper Rio Grande,0.64
Population Density 2009,Upper Rio Grande,37.4
Personal Income per Capita 2006,Central,28832
Population 2006,Upper Rio Grande,769533
Population Density 2013,Upper Rio Grande,39.4
Graduation Rate 2006,Upper Rio Grande,74.7
Population 2009,Upper Rio Grande,811539
Employment 2009,Texas,10660321
Personal Income 2014,Northwest,23363709
Uninsured Rate 2012,Capital,20.9
Graduation Rate 2013,Capital,90.2
Personal Income per Capita 2007,Upper East,30495
Personal Income 2014,Upper Rio Grande,27364293
Personal Income per Capita 2004,Upper East,25977
Population Density 2006,South,59.8
Water Consumption per Capita 2004,High Plains,7.56
Employment 2012,Capital,875934
Water Consumption 2007,Upper East,480688
Employment 2008,Southeast,282463
Personal Income per Capita 2012,Metroplex,46953
Population 2014,Alamo,2634204
Employment 2010,Gulf Coast,2617607
Population Density 2011,Texas,98.2
Employment 2012,Northwest,222902
Employment 2004,High Plains,343620
Uninsured Rate 2010,Southeast,26.2
Population 2013,Central,1151011
Personal Income per Capita 2005,Northwest,28207
Average Wages 2005,Central,31575
Employment 2013,Upper East,429678
Personal Income per Capita 2006,High Plains,29491
Water Consumption 2010,South,1337715
Population Density 2005,Central,60
Personal Income 2011,Upper Rio Grande,25305904
Water Consumption 2010,Metroplex,1443680
Personal Income 2010,Upper Rio Grande,23917534
Population 2014,Upper East,1127324
Employment 2005,Central,435885
Population Density 2007,Southeast,62.8
Employment 2006,Texas,10382709
Personal Income 2013,Upper Rio Grande,26441053
Personal Income per Capita 2009,Upper East,31851
Population 2010,South,2280301
Employment 2014,Upper Rio Grande,330275
Personal Income 2011,Central,39071931
Employment 2004,Gulf Coast,2369697
Uninsured Rate 2014,South,29.6
Employment 2010,South,758890
Uninsured Rate 2012,Gulf Coast,25.6
Personal Income 2007,Upper Rio Grande,20588120
Average Wages 2009,Gulf Coast,53479
Population Density 2004,Central,59.1
Population 2014,Texas,26956958
Personal Income 2012,High Plains,32531870
Population Density 2008,Southeast,63.2
Personal Income 2008,Gulf Coast,284882579
Population 2013,Metroplex,7133635
Uninsured Rate 2008,Upper Rio Grande,33.1
Average Wages 2005,Alamo,34746
Personal Income 2004,Texas,695946540
Uninsured Rate 2011,Texas,25.7
Graduation Rate 2005,West,81.2
Population Density 2012,Texas,99.9
Water Consumption per Capita 2012,West,1.84
Population Density 2014,Alamo,151.6
Employment 2010,Central,463202
Employment 2008,Northwest,229479
Personal Income 2013,Central,41120975
Personal Income per Capita 2007,Central,30362
Population Density 2008,South,61.8
Average Wages 2010,High Plains,36063
Personal Income 2006,Alamo,73540291
Personal Income 2010,South,58349375
Population 2014,Metroplex,7266815
Personal Income per Capita 2006,Metroplex,40220
Water Consumption per Capita 2010,Central,0.5
Personal Income 2013,Alamo,103729152
Employment 2007,West,241100
Average Wages 2014,Capital,52782
Water Consumption 2011,Alamo,1066709
Average Wages 2006,South,29110
Graduation Rate 2005,Texas,84
Personal Income per Capita 2009,Capital,38710
Graduation Rate 2007,Upper Rio Grande,72.3
Graduation Rate 2010,Capital,84.2
Employment 2009,High Plains,362693
Graduation Rate 2004,South,82.1
Graduation Rate 2008,Alamo,75.7
Average Wages 2005,Capital,42246
Employment 2011,South,776962
Graduation Rate 2011,Upper Rio Grande,82.4
Population Density 2006,Gulf Coast,458.6
Employment 2008,Texas,10951728
Water Consumption per Capita 2008,Alamo,0.38
Personal Income 2010,Central,37073519
Uninsured Rate 2009,Gulf Coast,26.5
Water Consumption 2011,Texas,18078376
Average Wages 2013,South,35173
Graduation Rate 2005,Alamo,82.4
Water Consumption 2012,Metroplex,1566028
Population Density 2011,High Plains,21.6
Graduation Rate 2010,Alamo,81.8
Uninsured Rate 2011,West,26.2
Personal Income per Capita 2014,Central,37034
Population Density 2008,Texas,93
Population Density 2011,South,65
Graduation Rate 2013,Southeast,91.1
Employment 2008,Metroplex,3158568
Average Wages 2007,Upper Rio Grande,32437
Uninsured Rate 2011,Northwest,24.3
Population Density 2013,Metroplex,474.8
Average Wages 2008,Alamo,38531
Employment 2004,Upper Rio Grande,280897
Employment 2006,South,730494
Population Density 2013,West,15.4
Uninsured Rate 2011,High Plains,25.4
Employment 2014,Central,480197
Employment 2009,South,753760
Population 2013,Southeast,770216
Uninsured Rate 2011,Metroplex,24.5
Personal Income 2007,South,49866226
Population Density 2008,West,14
Employment 2012,Central,466005
Water Consumption 2010,Gulf Coast,2376430
Graduation Rate 2010,Metroplex,85
Average Wages 2012,Texas,49988
Population Density 2006,Capital,192.6
Employment 2006,Central,448353
Population 2012,Alamo,2537756
Water Consumption per Capita 2007,West,1.82
Average Wages 2012,Upper East,39086
Personal Income 2005,Upper East,29103215
Population Density 2012,Metroplex,467.3
Personal Income per Capita 2013,Metroplex,47148
Water Consumption 2013,Capital,380889
Average Wages 2014,Southeast,44543
Personal Income 2013,Metroplex,336339401
Uninsured Rate 2009,Upper Rio Grande,31.6
Employment 2010,Upper Rio Grande,311316
Uninsured Rate 2009,Central,23
Employment 2014,High Plains,382773
Water Consumption per Capita 2008,Upper East,0.38
Graduation Rate 2004,Metroplex,85.5
Personal Income per Capita 2011,Northwest,37815
Personal Income 2007,Southeast,22498380
Employment 2013,Metroplex,3279688
Personal Income 2009,Central,35666682
Population 2014,South,2389129
Water Consumption 2006,Texas,15052950
Graduation Rate 2009,Gulf Coast,80.2
Employment 2011,Alamo,1017246
Graduation Rate 2009,Central,84
Average Wages 2009,Central,37165
Population Density 2009,High Plains,21.1
Employment 2012,Southeast,274957
Uninsured Rate 2007,South,30.3
Employment 2008,High Plains,370023
Personal Income 2013,South,67069727
Uninsured Rate 2008,Gulf Coast,26.2
Population 2013,Upper East,1123251
Personal Income per Capita 2007,Northwest,31372
Personal Income per Capita 2005,South,20881
Average Wages 2012,Central,39756
Personal Income 2012,South,65501111
Average Wages 2006,West,35577
Water Consumption 2013,Texas,14494331
Population Density 2004,Gulf Coast,434.7
Uninsured Rate 2014,Upper East,21.9
Personal Income per Capita 2009,Alamo,34372
Personal Income 2009,Texas,918587462
Water Consumption 2006,Gulf Coast,2838543
Average Wages 2007,Northwest,31552
Uninsured Rate 2007,Metroplex,25.8
Graduation Rate 2008,West,74.7
Water Consumption 2010,Upper East,442948
Water Consumption 2011,Central,596194
Graduation Rate 2012,Central,89.8
Graduation Rate 2011,High Plains,87.4
Employment 2006,Northwest,224130
Employment 2006,Capital,775685
Personal Income 2012,Northwest,22012035
Personal Income per Capita 2005,Texas,33330
Average Wages 2010,Gulf Coast,54865
Average Wages 2014,Upper Rio Grande,38191
Population 2011,West,580274
Population Density 2012,South,65.7
Employment 2013,Texas,11544831
Population 2013,West,610486
Employment 2004,Northwest,217646
Graduation Rate 2013,High Plains,88.9
Water Consumption 2006,Central,459144
Employment 2009,West,240536
Population 2012,South,2339497
Water Consumption 2011,Metroplex,1622657
Population Density 2011,Gulf Coast,511.1
Average Wages 2013,Texas,50578
Personal Income per Capita 2005,High Plains,28835
Graduation Rate 2012,Upper Rio Grande,84.3
Water Consumption per Capita 2006,Gulf Coast,0.5
Uninsured Rate 2011,Gulf Coast,26.3
Personal Income per Capita 2011,Southeast,33646
Personal Income per Capita 2014,Alamo,41717
Population Density 2004,Metroplex,396.8
Personal Income per Capita 2009,Gulf Coast,43276
Population 2014,High Plains,860999
Personal Income per Capita 2013,Upper Rio Grande,30900
Personal Income per Capita 2014,South,29422
Average Wages 2012,South,34873
Uninsured Rate 2008,Southeast,23.7
Water Consumption per Capita 2012,High Plains,6.75
Personal Income 2006,Southeast,21229651
Personal Income 2011,Upper East,39571518
Employment 2009,Metroplex,3034691
Employment 2006,High Plains,354341
Population Density 2010,Texas,96.6
Uninsured Rate 2010,Capital,22
Population Density 2007,Central,62.3
Population Density 2010,Southeast,64
Personal Income per Capita 2008,Metroplex,44093
Uninsured Rate 2014,Capital,17.8
Personal Income 2010,Metroplex,281828646
Water Consumption per Capita 2009,Upper Rio Grande,0.72
Graduation Rate 2010,South,82.1
Employment 2006,West,234122
Personal Income 2010,West,23190560
Population 2005,Upper Rio Grande,752957
Employment 2013,West,284554
Personal Income 2013,Southeast,27211975
Average Wages 2009,West,40033
Average Wages 2014,Alamo,44835
Personal Income 2011,Southeast,25968792
Personal Income 2006,Central,30082732
Population Density 2008,Upper Rio Grande,36.6
Personal Income per Capita 2013,High Plains,38758
Uninsured Rate 2009,Upper East,25.8
Graduation Rate 2005,High Plains,88.2
Water Consumption 2008,Upper Rio Grande,522417
Personal Income 2014,Capital,96642567
Average Wages 2011,Central,38980
Uninsured Rate 2010,Upper East,26.5
Graduation Rate 2013,West,83
Water Consumption 2012,Gulf Coast,2320656
Personal Income 2008,Central,35040038
Employment 2011,Upper Rio Grande,317726
Water Consumption 2012,Alamo,870668
Population 2013,Upper Rio Grande,855707
Personal Income 2011,South,62506846
Personal Income 2004,Central,25970674
Population 2013,South,2365938
Personal Income per Capita 2010,Upper East,33033
Employment 2005,Texas,10023343
Employment 2011,Texas,10926508
Employment 2011,Upper East,421939
Average Wages 2014,Texas,52537
Population Density 2005,Southeast,62.7
Employment 2004,Metroplex,2855386
Personal Income per Capita 2004,Northwest,26830
Population 2010,Southeast,768302
Employment 2006,Southeast,276412
Population Density 2005,Capital,185
Water Consumption 2010,Upper Rio Grande,493971
Uninsured Rate 2008,High Plains,24.9
Population Density 2007,Upper East,70.3
Population Density 2007,Alamo,132.5
Employment 2005,Alamo,933928
Average Wages 2009,Southeast,38130
Uninsured Rate 2012,Upper Rio Grande,30.7
Personal Income per Capita 2007,Alamo,34172
Average Wages 2005,Northwest,28731
Personal Income per Capita 2012,Northwest,40038
Employment 2005,High Plains,347625
Personal Income per Capita 2012,Upper East,36577
Water Consumption 2004,Texas,15463085
Average Wages 2012,Alamo,42720
Graduation Rate 2013,Northwest,92.1
Population Density 2005,South,58.7
Average Wages 2013,West,51215
Population 2014,Upper Rio Grande,857317
Employment 2014,Alamo,1107966
Water Consumption per Capita 2005,West,1.87
Uninsured Rate 2009,Northwest,25
Uninsured Rate 2012,Alamo,22.7
Population Density 2011,Alamo,143.4
Personal Income per Capita 2004,Alamo,29225
Graduation Rate 2014,Alamo,88
Graduation Rate 2011,Texas,85.9
Average Wages 2008,Southeast,38215
Population 2013,Gulf Coast,6501789
Average Wages 2006,Alamo,36323
Uninsured Rate 2010,Central,23.3
Population Density 2009,Gulf Coast,491.7
Population 2012,Central,1142530
Average Wages 2009,Metroplex,48623
Population 2010,Capital,1841543
Uninsured Rate 2010,Metroplex,25
Personal Income 2007,Upper East,33091425
Uninsured Rate 2009,West,27.3
Population Density 2008,High Plains,20.8
Personal Income 2008,Capital,71463939
Employment 2007,Central,459207
Personal Income per Capita 2008,Central,32242
Uninsured Rate 2012,West,24.9
Population 2010,Central,1123318
Population 2011,Capital,1896325
Personal Income per Capita 2012,Alamo,39729
Average Wages 2010,West,42575
Population 2008,Upper Rio Grande,794661
Employment 2009,Gulf Coast,2629563
Average Wages 2010,Metroplex,49751
Average Wages 2010,Central,37915
Personal Income 2009,Upper East,35187510
Graduation Rate 2013,Upper East,93.6
Employment 2011,Capital,844649
Average Wages 2014,Northwest,39169
Water Consumption 2010,Central,555310
Employment 2013,Alamo,1072458
Personal Income 2010,High Plains,28814002
Water Consumption per Capita 2009,High Plains,6.56
Water Consumption per Capita 2007,High Plains,7.19
Personal Income per Capita 2014,Southeast,37522
Water Consumption per Capita 2013,Alamo,0.34
Personal Income 2007,Northwest,17107750
Personal Income per Capita 2004,Gulf Coast,36369
Personal Income per Capita 2013,Alamo,40132
Average Wages 2012,Northwest,36120
Personal Income per Capita 2006,Alamo,32761
Uninsured Rate 2007,Gulf Coast,29.1
Average Wages 2004,Alamo,33481
Personal Income 2005,Southeast,19899994
Population 2012,Upper Rio Grande,855886
Graduation Rate 2004,Gulf Coast,83.3
Average Wages 2009,Upper East,35378
Uninsured Rate 2009,Texas,26.3
Employment 2013,High Plains,376727
Population 2010,Northwest,550883
Personal Income per Capita 2012,Capital,45157
Water Consumption per Capita 2007,Upper Rio Grande,0.71
Personal Income 2007,Capital,64858300
Population Density 2006,Metroplex,415.6
Personal Income 2012,Southeast,27465630
Personal Income 2005,Central,27991810
Graduation Rate 2013,South,86.8
Population 2012,West,595727
Average Wages 2013,Metroplex,53148
Uninsured Rate 2013,South,32.9
Graduation Rate 2012,West,83.9
Personal Income per Capita 2013,Northwest,40557
Uninsured Rate 2007,Southeast,23.2
Personal Income 2013,Capital,90564576
Water Consumption per Capita 2006,Metroplex,0.24
Personal Income 2009,Capital,69502890
Average Wages 2007,Texas,44129
Graduation Rate 2011,West,81.7
Personal Income 2014,Texas,1231084591
Personal Income per Capita 2011,Texas,41235
Population Density 2014,Capital,244.1
Water Consumption per Capita 2009,Central,0.48
Population Density 2005,Gulf Coast,443
Water Consumption per Capita 2011,Texas,0.7
Uninsured Rate 2011,Upper Rio Grande,31
Population Density 2010,Capital,218.2
Employment 2010,West,244869
Average Wages 2005,Southeast,32858
Graduation Rate 2010,High Plains,86.1
Graduation Rate 2013,Upper Rio Grande,83.9
Water Consumption 2011,Gulf Coast,3014385
Population Density 2012,Upper East,72.8
Personal Income 2004,Upper Rio Grande,16676526
Personal Income per Capita 2011,Upper Rio Grande,29951
Population Density 2006,Southeast,62.3
Graduation Rate 2009,Upper East,87.9
Population 2014,West,623548
Personal Income 2006,Capital,60581448
Population 2012,Metroplex,7019567
Graduation Rate 2007,Northwest,81.7
Personal Income per Capita 2013,Gulf Coast,52139
Personal Income 2009,High Plains,26464576
Average Wages 2007,West,38308
Personal Income per Capita 2006,Texas,35554
Personal Income 2008,Alamo,83876167
Employment 2010,High Plains,361835
Water Consumption 2005,Texas,15028068
Personal Income 2004,Upper East,27355294
Personal Income 2008,Texas,969740300
Employment 2009,Central,467424
Uninsured Rate 2012,Upper East,25.2
Average Wages 2011,West,46418
Graduation Rate 2014,South,86.8
Graduation Rate 2004,Texas,84.6
Population 2014,Central,1159386
Average Wages 2008,Northwest,33129
Population Density 2010,High Plains,21.4
Water Consumption per Capita 2009,South,0.78
Uninsured Rate 2006,Texas,27.6
Population Density 2007,Northwest,20
Personal Income per Capita 2007,Capital,38401
Average Wages 2009,South,31592
Population Density 2011,Upper Rio Grande,38.9
Personal Income per Capita 2004,Capital,32930
Graduation Rate 2011,Southeast,89.3
Population 2011,Gulf Coast,6227780
Average Wages 2010,Capital,47298
Personal Income 2010,Southeast,24732877
Employment 2007,South,751632
Uninsured Rate 2008,Capital,21.4
Population 2012,Gulf Coast,6353977
Personal Income 2005,Capital,54960982
Personal Income per Capita 2010,West,40514
Population Density 2006,Central,61
Graduation Rate 2004,Capital,84.5
Graduation Rate 2004,Northwest,88.1
Water Consumption per Capita 2013,Southeast,0.54
Uninsured Rate 2013,Northwest,24
Population 2012,Texas,26094422
Population 2014,Gulf Coast,6658375
Personal Income 2014,Metroplex,356214197
Graduation Rate 2008,High Plains,82.8
Graduation Rate 2010,Northwest,86.2
Personal Income per Capita 2014,Northwest,42506
Population Density 2008,Alamo,135.4
Uninsured Rate 2013,Central,22.3
Water Consumption 2004,Upper East,454154
Population Density 2014,Upper East,73
Water Consumption 2012,South,1673476
Water Consumption per Capita 2005,Southeast,0.62
Personal Income per Capita 2010,Gulf Coast,44522
Graduation Rate 2004,Alamo,83.8
Population Density 2013,High Plains,21.8
Employment 2009,Northwest,222252
Population 2011,Metroplex,6883600
Population Density 2012,Gulf Coast,521.5
Personal Income 2014,High Plains,35077979
Personal Income 2013,West,32493064
Graduation Rate 2011,Alamo,84.6
Average Wages 2010,Upper East,36541
Personal Income per Capita 2009,High Plains,31868
Water Consumption 2013,West,1064649
Graduation Rate 2008,Southeast,84
Employment 2011,Central,464226
Population Density 2013,Texas,101.5
Uninsured Rate 2007,Capital,23.9
Personal Income 2004,High Plains,21373525
Water Consumption per Capita 2012,Central,0.46
Uninsured Rate 2007,Upper East,24.7
Average Wages 2004,Southeast,31358
Personal Income per Capita 2011,Gulf Coast,48297
Population Density 2009,West,14.3
Personal Income per Capita 2005,Southeast,26418
Personal Income per Capita 2010,South,25588
Graduation Rate 2014,Capital,91.2
Average Wages 2005,Gulf Coast,46114
Water Consumption per Capita 2006,High Plains,5.59
Uninsured Rate 2009,Southeast,25
Water Consumption 2012,Texas,16001346
Graduation Rate 2005,Capital,84.7
Personal Income 2011,High Plains,31006131
Average Wages 2009,Capital,45800
Population Density 2013,Capital,237.2
Graduation Rate 2010,Southeast,88.5
Population Density 2010,Gulf Coast,502
Graduation Rate 2013,Central,88.8
Graduation Rate 2009,Upper Rio Grande,76.7
Uninsured Rate 2011,Upper East,25.7
Personal Income 2014,Upper East,43631257
Population Density 2014,Texas,103.2
Water Consumption 2013,Alamo,864393
Uninsured Rate 2008,Alamo,23.7
Average Wages 2004,Gulf Coast,43628
Employment 2004,Upper East,396457
Water Consumption 2009,Gulf Coast,2339752
Personal Income 2012,Upper East,41119697
Population 2010,Upper Rio Grande,828986
Uninsured Rate 2012,Texas,25.2
Population 2010,Upper East,1113386
Employment 2009,Alamo,995529
Water Consumption 2008,Texas,16163374
Personal Income 2014,Alamo,109892106
Personal Income 2012,Gulf Coast,329277737
Uninsured Rate 2013,High Plains,24.5
Personal Income 2006,High Plains,23841984
Graduation Rate 2004,Upper East,88.6
Employment 2005,South,707894
Average Wages 2009,Alamo,39143
Personal Income per Capita 2009,West,36781
Graduation Rate 2014,Central,88.6
Average Wages 2010,Texas,46384
Average Wages 2010,Upper Rio Grande,35113
Population 2010,High Plains,841924
Average Wages 2007,Southeast,36267
Personal Income 2004,West,14929999
Average Wages 2008,South,31524
Uninsured Rate 2010,West,27
Population Density 2004,Southeast,62.5
Personal Income 2014,West,35215245
Average Wages 2011,Upper Rio Grande,36173
Employment 2010,Capital,819797
Average Wages 2011,Northwest,34843
Water Consumption 2012,West,1090026
Population 2012,Northwest,549777
Population Density 2014,Metroplex,483.7
Average Wages 2006,Texas,42010
Average Wages 2014,Upper East,40343
Population Density 2009,South,63
Personal Income 2007,Texas,881582784
Population Density 2006,Texas,89.4
Average Wages 2007,High Plains,33501
Population Density 2014,West,15.7
Personal Income per Capita 2011,Capital,42201
Population Density 2007,South,60.7
Water Consumption 2005,Upper Rio Grande,484842
Water Consumption per Capita 2011,Upper Rio Grande,0.63
Personal Income 2005,High Plains,23122809
Graduation Rate 2014,West,84.7
Personal Income per Capita 2009,Texas,37037
Employment 2007,Northwest,225445
Personal Income 2013,Texas,1161133804
Graduation Rate 2006,Capital,81.099999999999895
Uninsured Rate 2010,Upper Rio Grande,32.799999999999997
Graduation Rate 2008,Texas,79.099999999999994
Physician Access 2013,Upper Rio Grande,120
Population Density 2012,Northwest,20.100000000000001
Population Density 2011,Northwest,20.100000000000001
Physician Access 2011,Alamo,183
Population Density 2006,Alamo,129.19999999999999
Physician Access 2007,Gulf Coast,167
Physician Access 2007,Upper Rio Grande,107
Physician Access 2014,Southeast,127
Physician Access 2014,Gulf Coast,187
Physician Access 2010,Gulf Coast,172
Physician Access 2007,Central,137
Physician Access 2009,Northwest,141
Population Density 2012,Southeast,64.099999999999994
Population Density 2010,Upper Rio Grande,38.200000000000003
Physician Access 2009,Upper East,165
Water Consumption per Capita 2004,South,0.55
Physician Access 2007,Southeast,129
Physician Access 2009,Central,143
Physician Access 2013,Capital,203
Physician Access 2009,Texas,158
Physician Access 2009,Capital,188
Population Density 2004,Northwest,19.899999999999999
Physician Access 2014,Metroplex,191
Physician Access 2012,Northwest,144
Graduation Rate 2007,West,75.099999999999994
Population Density 2013,Southeast,64.099999999999994
Physician Access 2009,Gulf Coast,166
Population Density 2010,Upper East,72.099999999999994
Population Density 2010,South,64.099999999999994
Physician Access 2008,Upper East,166
Population Density 2014,South,67.099999999999994
Physician Access 2008,Texas,159
Graduation Rate 2009,Alamo,77.400000000000006
Physician Access 2007,Metroplex,166
Physician Access 2012,Texas,169
Physician Access 2013,Gulf Coast,183
Water Consumption per Capita 2013,Texas,0.55
Population Density 2005,Northwest,19.899999999999999
Physician Access 2011,Northwest,145
Physician Access 2012,Upper East,170
Physician Access 2011,Upper Rio Grande,115
Physician Access 2008,South,110
Population Density 2009,Upper East,71.599999999999994
Physician Access 2014,Texas,174
Physician Access 2010,Central,150
Graduation Rate 2007,High Plains,81.900000000000006
Graduation Rate 2008,Metroplex,80.099999999999994
Physician Access 2009,High Plains,156
Physician Access 2008,Alamo,178
Physician Access 2011,Central,155
Physician Access 2012,South,112
Physician Access 2011,South,110
Uninsured Rate 2014,Northwest,20.399999999999999
Physician Access 2012,Upper Rio Grande,118
Physician Access 2010,Northwest,140
Graduation Rate 2008,Upper Rio Grande,74.900000000000006
Physician Access 2010,Upper Rio Grande,114
Physician Access 2008,Capital,190
Physician Access 2007,West,131
Physician Access 2008,Metroplex,168
Physician Access 2012,Central,155
Physician Access 2013,Central,158
Physician Access 2010,Southeast,132
Physician Access 2014,Central,160
Water Consumption per Capita 2010,High Plains,4.98
Physician Access 2009,South,110
Physician Access 2010,High Plains,157
Population Density 2013,Northwest,20.100000000000001
Physician Access 2014,Alamo,188
Physician Access 2013,West,142
Physician Access 2012,West,141
Physician Access 2008,High Plains,160
Physician Access 2011,Upper East,169
Physician Access 2007,Texas,157
Physician Access 2011,Metroplex,175
Physician Access 2011,Texas,165
Physician Access 2010,Metroplex,172
Uninsured Rate 2010,South,33.799999999999997
Graduation Rate 2007,Alamo,76.400000000000006
Physician Access 2013,Metroplex,186
Water Consumption per Capita 2010,Texas,0.55
Physician Access 2011,Capital,197
Physician Access 2013,Alamo,184
Physician Access 2012,Alamo,181
Physician Access 2014,Capital,206
Physician Access 2014,Upper East,171
Physician Access 2010,Capital,193
Physician Access 2010,Alamo,179
Population Density 2005,Upper Rio Grande,34.700000000000003
Physician Access 2013,Northwest,149
Physician Access 2013,High Plains,155
Population Density 2013,Alamo,148.80000000000001
Physician Access 2012,Capital,199
Physician Access 2009,Alamo,175
Physician Access 2013,Upper East,173
Graduation Rate 2006,Alamo,78.599999999999895
Physician Access 2009,Upper Rio Grande,108
Uninsured Rate 2012,South,33.299999999999997
Physician Access 2008,Upper Rio Grande,107
Graduation Rate 2009,Metroplex,81.400000000000006
Population Density 2005,High Plains,20.399999999999999
Population Density 2009,Northwest,20.100000000000001
Physician Access 2007,Upper East,163
Graduation Rate 2009,West,77.400000000000006
Physician Access 2012,Metroplex,185
Physician Access 2007,Northwest,138
Water Consumption per Capita 2007,Alamo,0.28
Physician Access 2014,High Plains,152
Population Density 2014,Southeast,64.099999999999994
Physician Access 2009,Metroplex,168
Uninsured Rate 2007,Upper Rio Grande,33.200000000000003
Physician Access 2013,South,110
Graduation Rate 2007,Central,81.900000000000006
Physician Access 2014,Northwest,149
Population Density 2014,Northwest,20.100000000000001
Physician Access 2012,High Plains,155
Physician Access 2007,High Plains,158
Physician Access 2014,West,141
Physician Access 2007,Capital,179
Physician Access 2008,West,133
Graduation Rate 2007,South,72.900000000000006
Physician Access 2008,Northwest,141
Physician Access 2012,Southeast,130
Physician Access 2008,Central,143
Uninsured Rate 2011,South,33.700000000000003
Physician Access 2009,West,137
Physician Access 2011,High Plains,156
Population Density 2011,Central,66.099999999999994
Physician Access 2013,Texas,171
Uninsured Rate 2006,Upper Rio Grande,32.700000000000003
Physician Access 2010,West,139
Graduation Rate 2009,Texas,80.599999999999994
Physician Access 2008,Southeast,129
Physician Access 2011,Southeast,130
Physician Access 2010,South,110
Physician Access 2012,Gulf Coast,180
Physician Access 2011,Gulf Coast,175
Graduation Rate 2006,Texas,80.400000000000006
Physician Access 2007,South,111
Physician Access 2014,Upper Rio Grande,120
Physician Access 2013,Southeast,128
Physician Access 2009,Southeast,132
Population Density 2004,Upper Rio Grande,34.200000000000003
Physician Access 2008,Gulf Coast,168
Physician Access 2014,South,110
Physician Access 2010,Texas,162
Graduation Rate 2007,Capital,78.099999999999994
Graduation Rate 2005,Upper Rio Grande,78.400000000000006
Physician Access 2010,Upper East,169
Population Density 2010,Central,65.599999999999994
Physician Access 2011,West,144
Physician Access 2007,Alamo,176
Water Consumption per Capita 2010,Southeast,0.57
Water Consumption per Capita 2012,Upper Rio Grande,0.56
